page_id,sub_index,posts,max_depth,authors
1265.0,1,8,1.0,5
1572.0,1,2,1.0,2
1572.0,1,1,1.0,1
1572.0,1,7,1.0,4
1572.0,1,25,5.0,8
1572.0,1,1,0,0
1572.0,1,1,0,1
1614.0,1,1,0,0
1614.0,1,1,0,1
1614.0,1,2,0,2
1618.0,1,4,0,3
1629.0,1,1,0,1
1629.0,1,3,0,3
1629.0,1,2,0,2
1657.0,1,1,0,0
1657.0,1,1,0,1
1705.0,1,12,1.0,6
1709.0,1,1,0,1
1709.0,1,1,0,1
1709.0,1,3,4.0,2
1709.0,1,3,2.0,3
1709.0,1,1,0,0
1709.0,1,1,0,1
1709.0,1,6,5.0,2
1709.0,1,3,1.0,3
1709.0,1,1,0,1
1737.0,1,3,1.0,2
1737.0,1,1,0,0
1737.0,1,1,0,0
1737.0,1,3,0,2
1737.0,1,1,0,0
1749.0,1,5,2.0,3
1758.0,1,2,0,2
1758.0,1,2,0,1
1763.0,1,1,0,1
1763.0,1,2,0,2
1763.0,1,2,0,2
1763.0,1,1,0,1
1763.0,1,2,0,2
1770.0,1,5,1.0,3
1772.0,1,2,0,1
1780.0,1,1,0,0
1780.0,1,2,0,2
1780.0,1,3,2.0,3
1780.0,1,1,0,1
1784.0,1,1,0,0
1784.0,1,1,0,0
1784.0,1,1,1.0,1
1784.0,1,1,0,1
1784.0,1,4,3.0,3
1784.0,1,5,2.0,3
1785.0,1,1,0,0
1785.0,1,1,0,1
1785.0,1,2,2.0,2
1785.0,1,4,2.0,3
1785.0,1,3,2.0,2
1785.0,1,1,0,1
1787.0,1,1,0,0
1787.0,1,1,0,0
1787.0,1,1,0,1
1787.0,1,1,0,1
1801.0,1,2,1.0,2
1801.0,1,1,0,1
1801.0,1,1,0,1
1823.0,1,1,0,1
1823.0,1,1,0,1
1823.0,1,1,0,0
1823.0,1,3,2.0,3
1823.0,1,1,0,0
1823.0,1,2,0,2
1823.0,1,1,0,1
1823.0,1,1,0,1
1823.0,1,4,0,2
1823.0,1,2,0,2
1823.0,1,2,2.0,2
1823.0,1,1,0,1
1823.0,1,11,1.0,3
1823.0,1,4,1.0,4
1823.0,1,8,1.0,3
1823.0,1,9,0,4
1823.0,1,3,0,3
1823.0,1,1,0,1
1823.0,1,2,0,2
1823.0,1,1,0,0
1823.0,1,1,0,0
1823.0,1,3,0,2
1823.0,1,3,3.0,2
1823.0,1,1,0,1
1823.0,1,1,0,1
1823.0,1,1,0,0
1823.0,1,1,0,1
1823.0,1,1,1.0,1
1823.0,1,1,0,0
1823.0,1,1,0,0
1823.0,1,1,0,0
1823.0,1,11,1.0,2
1823.0,1,6,1.0,2
1823.0,1,4,2.0,2
1823.0,1,9,2.0,2
1824.0,1,1,0,0
1824.0,1,16,2.0,6
1826.0,1,3,2.0,3
1842.0,1,4,4.0,2
1842.0,1,2,2.0,2
1842.0,1,1,0,1
1842.0,1,1,0,1
1842.0,1,1,0,1
1844.0,1,2,1.0,2
1844.0,1,3,0,3
1844.0,1,1,0,1
1844.0,1,1,0,1
1844.0,1,1,0,0
1861.0,1,3,1.0,3
1867.0,1,1,0,1
1867.0,1,1,0,1
1915.0,1,2,0,1
1916.0,1,1,0,1
1916.0,1,1,0,1
1916.0,1,2,0,0
1916.0,1,1,0,1
1919.0,1,1,0,0
1919.0,1,1,0,0
1919.0,1,1,0,0
1923.0,1,4,2.0,3
1923.0,1,1,0,0
1923.0,1,2,0,2
1923.0,1,11,3.0,4
1923.0,1,1,0,1
1923.0,1,1,0,0
1923.0,1,1,0,1
1923.0,1,1,0,1
1923.0,1,1,0,0
1941.0,1,3,0,2
1941.0,1,1,0,1
1941.0,1,3,1.0,2
1941.0,1,2,0,2
1941.0,1,2,0,2
1949.0,1,10,1.0,4
2111.0,1,3,0,3
2111.0,1,2,0,2
2111.0,1,2,0,0
2111.0,1,2,1.0,2
2111.0,1,2,1.0,2
2142.0,1,10,2.0,3
2182.0,1,2,0,2
2182.0,1,2,0,2
2182.0,1,1,0,1
2182.0,1,1,0,1
2182.0,1,1,0,1
2182.0,1,1,0,0
2182.0,1,1,0,0
2182.0,1,1,0,1
2182.0,1,1,0,1
2191.0,1,1,0,0
2191.0,1,2,0,2
2191.0,1,1,0,0
2191.0,1,1,0,0
2221.0,1,3,0,2
2315.0,1,2,1.0,2
2315.0,1,4,1.0,4
2315.0,1,1,0,1
2315.0,1,4,3.0,2
2323.0,1,7,1.0,6
2391.0,1,4,1.0,4
2391.0,1,1,0,1
2391.0,1,1,0,0
2391.0,1,1,0,1
2391.0,1,1,0,1
2391.0,1,1,0,0
2391.0,1,1,0,1
2391.0,1,1,0,1
2391.0,1,2,0,2
2391.0,1,2,1.0,2
2391.0,1,1,0,1
2391.0,1,2,1.0,2
2391.0,1,2,0,2
2391.0,1,2,1.0,2
2391.0,1,3,1.0,2
2391.0,1,3,2.0,2
2483.0,1,9,2.0,5
2504.0,1,1,0,0
2504.0,1,1,0,1
2600.0,1,6,1.0,4
2653.0,1,2,2.0,2
2653.0,1,1,0,1
2653.0,1,1,0,0
2676.0,1,5,1.0,3
2681.0,1,3,1.0,2
2738.0,1,1,0,0
2738.0,1,1,0,0
2738.0,1,6,2.0,4
2738.0,1,1,0,1
2738.0,1,1,0,0
2738.0,1,4,1.0,3
2738.0,1,2,0,2
2757.0,1,5,2.0,5
2757.0,1,1,3.0,1
2757.0,1,1,0,1
2757.0,1,1,0,1
2757.0,1,1,0,1
2774.0,1,6,3.0,4
2785.0,1,1,0,0
2902.0,1,5,0,4
3295.0,1,2,1.0,2
3295.0,1,2,0,1
3295.0,1,1,0,0
3295.0,1,1,0,0
3295.0,1,1,0,1
3295.0,1,1,0,0
3295.0,1,1,0,0
3295.0,1,1,0,1
3295.0,1,1,0,0
3295.0,1,1,0,0
3295.0,1,1,0,0
3295.0,1,1,0,1
3295.0,1,1,0,1
3337.0,1,2,0,1
3346.0,1,1,0,1
3346.0,1,1,0,1
3346.0,1,5,4.0,3
3355.0,1,1,0,1
3355.0,1,1,0,1
3355.0,1,2,0,2
3355.0,1,4,3.0,3
3357.0,1,1,0,0
3357.0,1,1,0,0
3357.0,1,1,0,0
3357.0,1,1,0,0
3357.0,1,3,0,3
3357.0,1,1,0,1
3362.0,1,1,0,1
3362.0,1,1,0,0
3362.0,1,2,0,2
3362.0,1,8,4.0,2
3362.0,1,3,2.0,3
3362.0,1,1,0,0
3362.0,1,1,0,1
3373.0,1,1,0,0
3373.0,1,1,0,0
3373.0,1,1,0,0
3373.0,1,1,0,0
3373.0,1,1,0,1
3373.0,1,1,0,0
3373.0,1,1,0,0
3373.0,1,1,0,1
3414.0,1,1,0,1
3414.0,1,9,3.0,6
3414.0,1,1,0,1
3414.0,1,2,1.0,2
3414.0,1,2,1.0,2
3414.0,1,1,0,1
3414.0,1,3,0,2
3414.0,1,3,1.0,3
3414.0,1,1,0,0
3414.0,1,2,1.0,2
3414.0,1,1,1.0,1
3414.0,1,4,2.0,2
3414.0,1,10,2.0,8
3414.0,1,4,1.0,2
3414.0,1,2,2.0,2
3414.0,1,1,0,1
3414.0,1,1,0,1
3414.0,1,1,0,1
3414.0,1,4,4.0,1
3414.0,1,1,0,1
3420.0,1,1,0,0
3420.0,1,1,0,1
3420.0,1,2,2.0,2
3420.0,1,1,0,0
3420.0,1,1,0,0
3420.0,1,1,0,0
3420.0,1,2,0,1
3420.0,1,1,0,0
3420.0,1,1,0,0
3420.0,1,1,0,1
3420.0,1,7,3.0,6
3423.0,1,5,3.0,4
3423.0,1,3,2.0,3
3423.0,1,1,0,0
3457.0,1,8,2.0,4
3457.0,1,4,1.0,3
3457.0,1,2,0,2
3469.0,1,3,1.0,1
3469.0,1,1,0,1
3469.0,1,2,0,2
3469.0,1,1,0,0
3469.0,1,1,1.0,1
3469.0,1,1,0,0
3469.0,1,1,0,0
3469.0,1,1,0,0
3469.0,1,1,0,1
3480.0,1,6,0,3
3494.0,1,1,0,1
3494.0,1,1,0,1
3515.0,1,1,0,1
3515.0,1,1,0,1
3515.0,1,1,0,1
3515.0,1,1,0,1
3515.0,1,7,3.0,3
3515.0,1,4,1.0,2
3518.0,1,6,0,4
3596.0,1,2,0,2
3596.0,1,1,0,0
3596.0,1,1,0,0
3596.0,1,1,0,0
3596.0,1,2,0,2
3596.0,1,1,0,1
3607.0,1,6,3.0,3
3620.0,1,3,1.0,2
3621.0,1,1,0,1
3621.0,1,1,0,0
3629.0,1,1,0,0
3629.0,1,3,2.0,3
3629.0,1,9,0,3
3635.0,1,6,1.0,5
3636.0,1,1,0,0
3636.0,1,1,1.0,1
3647.0,1,4,0,4
3647.0,1,1,0,1
3647.0,1,1,0,0
3650.0,1,11,0,5
3703.0,1,1,0,1
3708.0,1,2,1.0,2
3709.0,1,3,1.0,2
3709.0,1,1,0,1
3709.0,1,4,1.0,2
3709.0,1,3,1.0,2
3709.0,1,1,0,0
3720.0,1,2,0,1
3723.0,1,5,2.0,3
3730.0,1,2,0,2
3730.0,1,8,2.0,6
3730.0,1,2,0,2
3730.0,1,1,0,0
3730.0,1,1,0,1
3730.0,1,8,0,1
3730.0,1,2,0,1
3730.0,1,1,0,0
3759.0,1,3,0,3
3759.0,1,1,0,0
3761.0,1,2,2.0,2
3761.0,1,2,0,2
3776.0,1,8,2.0,6
3788.0,1,1,0,0
3793.0,1,2,1.0,2
3794.0,1,1,0,1
3796.0,1,9,3.0,4
3810.0,1,1,0,1
3810.0,1,1,0,0
3810.0,1,1,0,0
3829.0,1,12,3.0,6
3849.0,1,2,0,2
3849.0,1,1,0,0
3849.0,1,1,0,0
3849.0,1,2,0,1
3849.0,1,1,0,0
3849.0,1,1,0,0
3849.0,1,1,0,0
3849.0,1,1,0,1
3849.0,1,1,0,1
3849.0,1,7,3.0,4
3849.0,1,1,0,1
3849.0,1,1,0,0
3849.0,1,1,0,1
3849.0,1,1,0,1
3849.0,1,1,0,1
3850.0,1,8,3.0,3
3860.0,1,1,0,1
3924.0,1,2,0,1
3924.0,1,3,0,0
3945.0,1,15,6.0,5
3945.0,1,1,0,1
3945.0,1,1,0,1
3945.0,1,1,0,1
3950.0,1,1,0,1
3950.0,1,2,2.0,1
3950.0,1,2,1.0,2
3950.0,1,1,0,0
3950.0,1,15,3.0,6
3950.0,1,1,0,1
3950.0,1,1,0,1
3950.0,1,2,1.0,2
3950.0,1,1,0,1
3950.0,1,3,2.0,1
3950.0,1,17,11.0,4
3952.0,1,2,0,1
3960.0,1,1,0,1
3963.0,1,2,0,1
3974.0,1,3,1.0,3
3974.0,1,18,4.0,3
3974.0,1,2,0,2
3974.0,1,13,6.0,4
3974.0,1,1,0,1
3985.0,1,7,2.0,3
3997.0,1,1,0,0
4003.0,1,1,0,0
4003.0,1,2,1.0,2
4003.0,1,3,3.0,3
4003.0,1,8,3.0,5
4003.0,1,2,0,2
4003.0,1,1,0,1
4003.0,1,1,0,0
4003.0,1,1,0,0
4003.0,1,2,1.0,2
4003.0,1,5,1.0,3
4003.0,1,6,2.0,4
4003.0,1,1,0,1
4010.0,1,15,3.0,5
4067.0,1,2,0,2
4067.0,1,7,2.0,2
4067.0,1,1,0,0
4077.0,1,1,1.0,1
4077.0,1,1,0,1
4077.0,1,1,0,0
4077.0,1,5,2.0,2
4077.0,1,1,0,1
4077.0,1,5,6.0,4
4077.0,1,1,0,1
4077.0,1,1,0,0
4077.0,1,1,0,1
4077.0,1,1,0,1
4077.0,1,1,0,0
4077.0,1,1,0,0
4096.0,1,1,0,0
4096.0,1,1,0,1
4096.0,1,1,0,1
4104.0,1,7,3.0,4
4112.0,1,1,0,1
4115.0,1,1,0,0
4115.0,1,1,0,0
4115.0,1,1,0,1
4115.0,1,1,0,0
4115.0,1,1,0,1
4115.0,1,1,0,1
4115.0,1,1,0,0
4115.0,1,1,0,1
4115.0,1,1,0,0
4115.0,1,1,0,0
4115.0,1,1,0,1
4132.0,1,4,0,2
4132.0,1,1,0,0
4132.0,1,1,1.0,1
4132.0,1,5,2.0,3
4132.0,1,1,0,1
4132.0,1,1,0,0
4132.0,1,3,2.0,2
4132.0,1,1,0,1
4137.0,1,18,3.0,12
4169.0,1,1,0,1
4169.0,1,3,0,3
4169.0,1,1,0,0
4169.0,1,1,0,0
4178.0,1,4,1.0,2
4182.0,1,1,0,1
4188.0,1,3,0,2
4191.0,1,2,2.0,2
4194.0,1,1,0,1
4194.0,1,1,0,1
4207.0,1,6,0,5
4265.0,1,1,0,1
4265.0,1,8,2.0,5
4265.0,1,2,1.0,2
4265.0,1,1,0,1
4265.0,1,1,0,0
4265.0,1,2,1.0,2
4265.0,1,2,0,1
4265.0,1,1,0,1
4265.0,1,2,0,2
4265.0,1,1,0,1
4265.0,1,1,0,1
4265.0,1,1,0,1
4265.0,1,1,0,1
4265.0,1,1,0,1
4265.0,1,1,0,0
4265.0,1,1,0,1
4265.0,1,1,0,1
4265.0,1,2,0,2
4265.0,1,1,0,1
4265.0,1,1,0,1
4265.0,1,1,0,1
4265.0,1,2,0,2
4265.0,1,1,0,0
4265.0,1,7,1.0,2
4265.0,1,2,0,2
4265.0,1,2,0,2
4268.0,1,1,0,0
4268.0,1,1,0,1
4269.0,1,3,0,2
4275.0,1,1,0,1
4275.0,1,1,0,1
4275.0,1,1,0,1
4275.0,1,1,0,0
4275.0,1,1,1.0,1
4275.0,1,1,0,1
4299.0,1,2,0,2
4299.0,1,1,0,1
4299.0,1,2,0,2
4299.0,1,1,0,1
4299.0,1,2,0,2
4299.0,1,1,0,0
4305.0,1,4,0,4
4325.0,1,1,0,1
4328.0,1,12,3.0,6
4340.0,1,2,0,2
4340.0,1,2,0,2
4340.0,1,2,0,2
4340.0,1,1,0,1
4340.0,1,1,0,1
4341.0,1,2,0,2
4347.0,1,1,0,1
4359.0,1,1,0,0
4359.0,1,2,0,2
4372.0,1,13,1.0,9
4372.0,1,1,0,1
4372.0,1,1,0,1
4372.0,1,1,0,0
4372.0,1,1,0,0
4372.0,1,2,1.0,2
4372.0,1,1,0,1
4372.0,1,1,0,1
4382.0,1,1,0,0
4382.0,1,4,0,4
4382.0,1,1,0,1
4385.0,1,8,0,8
4577.0,1,2,0,2
4577.0,1,1,0,1
4579.0,1,1,0,1
4579.0,1,1,0,1
4582.0,1,1,0,0
4582.0,1,1,0,0
4582.0,1,1,0,1
4582.0,1,1,0,1
4582.0,1,1,0,1
4582.0,1,1,0,1
4582.0,1,2,1.0,2
4582.0,1,1,0,1
4582.0,1,1,0,1
4582.0,1,4,1.0,3
4582.0,1,1,0,1
4582.0,1,1,0,0
4582.0,1,1,0,1
4582.0,1,1,0,1
4582.0,1,1,0,1
4586.0,1,6,0,4
4612.0,1,1,0,1
4627.0,1,14,1.0,5
4688.0,1,1,0,0
4691.0,1,9,0,4
4771.0,1,5,1.0,4
4771.0,1,2,2.0,2
4771.0,1,1,0,1
4771.0,1,1,0,1
4771.0,1,1,0,1
4771.0,1,1,0,1
4837.0,1,12,3.0,3
4843.0,1,5,0,2
4847.0,1,9,3.0,3
4847.0,1,1,1.0,1
4847.0,1,1,0,0
4895.0,1,5,0,5
4904.0,1,1,0,1
4904.0,1,1,0,1
4904.0,1,1,0,1
4904.0,1,3,0,3
4905.0,1,9,1.0,3
4950.0,1,1,0,0
4951.0,1,1,0,1
4951.0,1,2,0,2
4951.0,1,1,0,0
4951.0,1,1,0,1
4952.0,1,1,0,1
4952.0,1,1,0,1
4952.0,1,4,2.0,3
4952.0,1,3,1.0,2
4952.0,1,4,1.0,2
4957.0,1,5,0,2
4963.0,1,2,0,0
4963.0,1,1,0,1
4964.0,1,1,0,1
4964.0,1,1,0,1
4964.0,1,1,0,1
4964.0,1,1,0,1
4964.0,1,1,0,1
4964.0,1,3,1.0,2
4964.0,1,1,0,1
4964.0,1,1,0,1
4993.0,1,1,0,1
4993.0,1,1,0,1
4993.0,1,1,0,1
4996.0,1,7,2.0,3
5041.0,1,1,0,0
5061.0,1,3,2.0,3
5061.0,1,1,0,1
5061.0,1,1,0,0
5061.0,1,1,0,1
5061.0,1,2,0,2
5087.0,1,1,0,0
5087.0,1,1,0,1
5087.0,1,2,0,2
5093.0,1,4,0,2
5101.0,1,1,0,0
5101.0,1,1,0,1
5101.0,1,1,0,1
5101.0,1,1,0,0
5103.0,1,3,0,3
5179.0,1,7,4.0,4
5179.0,1,13,4.0,6
5179.0,1,1,0,0
5179.0,1,12,6.0,2
5190.0,1,1,0,1
5190.0,1,1,0,1
5190.0,1,1,0,0
5202.0,1,1,0,0
5202.0,1,2,0,2
5202.0,1,1,0,0
5202.0,1,1,0,1
5202.0,1,1,0,0
5202.0,1,1,0,1
5212.0,1,5,1.0,2
5212.0,1,2,0,0
5212.0,1,1,0,1
5212.0,1,1,0,0
5218.0,1,2,0,2
5218.0,1,1,0,1
5276.0,1,2,0,2
5276.0,1,1,0,0
5279.0,1,4,3.0,2
5279.0,1,10,2.0,3
5279.0,1,1,0,0
5279.0,1,1,0,1
5285.0,1,2,0,2
5285.0,1,2,0,2
5285.0,1,1,0,0
5285.0,1,1,0,0
5285.0,1,1,0,0
5285.0,1,1,0,1
5305.0,1,1,0,1
5305.0,1,1,0,1
5305.0,1,1,0,1
5305.0,1,1,0,1
5305.0,1,1,0,1
5332.0,1,1,0,0
5332.0,1,1,0,1
5332.0,1,1,0,1
5332.0,1,3,0,3
5334.0,1,2,0,1
5334.0,1,2,0,0
5339.0,1,1,0,0
5339.0,1,1,0,0
5339.0,1,1,0,1
5350.0,1,1,0,1
5350.0,1,1,0,1
5350.0,1,1,0,1
5420.0,1,1,0,1
5420.0,1,2,1.0,2
5420.0,1,1,0,1
5420.0,1,1,0,1
5423.0,1,4,0,1
5464.0,1,4,0,4
5464.0,1,1,0,0
5464.0,1,1,0,0
5464.0,1,7,0,7
5480.0,1,1,0,0
5480.0,1,3,2.0,3
5480.0,1,1,0,0
5480.0,1,1,0,0
5480.0,1,2,1.0,2
5480.0,1,1,0,1
5505.0,1,1,0,0
5505.0,1,4,2.0,2
5505.0,1,2,0,1
5505.0,1,1,0,1
5505.0,1,2,1.0,2
5505.0,1,1,0,1
5505.0,1,1,0,1
5505.0,1,1,0,1
5505.0,1,3,3.0,2
5505.0,1,1,0,1
5505.0,1,1,0,1
5505.0,1,1,0,1
5505.0,1,1,0,1
5505.0,1,1,0,1
5505.0,1,1,0,1
5505.0,1,1,0,0
5505.0,1,1,0,1
5505.0,1,3,1.0,3
5505.0,1,3,0,1
5505.0,1,1,0,1
5522.0,1,11,2.0,5
5522.0,1,3,1.0,3
5522.0,1,1,0,1
5522.0,1,1,0,0
5522.0,1,1,0,1
5522.0,1,2,0,1
5570.0,1,3,0,2
5615.0,1,2,1.0,2
5615.0,1,1,0,0
5615.0,1,2,1.0,2
5615.0,1,1,0,1
5615.0,1,1,0,1
5615.0,1,1,0,1
5615.0,1,1,0,1
5615.0,1,2,1.0,2
5615.0,1,8,3.0,5
5876.0,1,1,0,0
5876.0,1,1,0,1
5876.0,1,3,0,3
5876.0,1,9,0,5
5876.0,1,3,0,3
5876.0,1,2,0,2
5876.0,1,2,0,2
5876.0,1,1,0,1
5876.0,1,1,0,0
5876.0,1,1,0,1
5876.0,1,1,0,1
5876.0,1,3,2.0,2
5876.0,1,1,0,1
5919.0,1,15,3.0,8
6109.0,1,1,0,1
6114.0,1,9,4.0,5
6158.0,1,1,0,1
6158.0,1,5,3.0,3
6163.0,1,1,0,0
6163.0,1,3,2.0,2
6166.0,1,1,0,0
6166.0,1,1,0,1
6166.0,1,1,0,1
6168.0,1,1,0,0
6168.0,1,1,0,0
6168.0,1,1,0,0
6168.0,1,1,0,0
6168.0,1,1,0,0
6168.0,1,1,0,1
6168.0,1,1,0,0
6168.0,1,1,0,0
6168.0,1,1,0,0
6168.0,1,2,0,1
6287.0,1,4,0,3
6300.0,1,1,0,0
6300.0,1,1,0,0
6305.0,1,1,0,0
6305.0,1,3,4.0,2
6305.0,1,2,0,2
6305.0,1,1,0,1
6305.0,1,1,0,1
6368.0,1,6,0,2
6368.0,1,1,0,1
6368.0,1,2,1.0,2
6368.0,1,2,0,2
6368.0,1,1,0,0
6368.0,1,1,0,1
6368.0,1,1,0,1
6368.0,1,1,0,1
6368.0,1,1,0,1
6370.0,1,7,4.0,4
6389.0,1,1,0,0
6455.0,1,1,0,1
6455.0,1,1,1.0,1
6455.0,1,3,2.0,3
6455.0,1,1,0,0
6455.0,1,1,0,1
6455.0,1,1,0,1
6455.0,1,1,0,0
6455.0,1,1,0,1
6455.0,1,3,1.0,2
6455.0,1,1,0,1
6462.0,1,5,0,3
6465.0,1,1,0,1
6465.0,1,6,8.0,5
6465.0,1,7,4.0,3
6465.0,1,1,0,0
6465.0,1,1,0,0
6465.0,1,1,0,1
6465.0,1,1,0,1
6465.0,1,3,0,3
6465.0,1,1,0,1
6465.0,1,1,0,0
6465.0,1,1,0,1
6465.0,1,1,0,1
6465.0,1,1,0,1
6465.0,1,1,0,1
6465.0,1,4,1.0,2
6465.0,1,1,0,1
6465.0,1,4,1.0,4
6465.0,1,3,1.0,3
6465.0,1,2,1.0,2
6465.0,1,1,1.0,1
6465.0,1,1,0,1
6465.0,1,1,1.0,1
6465.0,1,1,0,1
6465.0,1,3,2.0,3
6465.0,1,1,0,1
6465.0,1,1,0,0
6465.0,1,1,0,0
6465.0,1,1,0,1
6465.0,1,1,0,1
6465.0,1,1,0,1
6510.0,1,4,1.0,3
6514.0,1,1,0,0
6648.0,1,2,1.0,1
6648.0,1,1,0,1
6656.0,1,12,1.0,5
6667.0,1,1,0,1
6667.0,1,9,4.0,2
6667.0,1,3,1.0,2
6667.0,1,3,2.0,2
6667.0,1,1,0,0
6667.0,1,2,1.0,2
6667.0,1,1,0,1
6667.0,1,3,2.0,2
6667.0,1,3,2.0,2
6667.0,1,1,0,1
6667.0,1,1,0,1
6677.0,1,1,0,1
6677.0,1,1,0,0
6677.0,1,1,0,0
6678.0,1,1,0,0
6678.0,1,3,1.0,1
6875.0,1,2,0,0
6960.0,1,2,0,2
6963.0,1,2,0,2
6967.0,1,5,3.0,3
6967.0,1,3,2.0,2
6967.0,1,1,0,0
6973.0,1,1,0,0
6973.0,1,1,0,1
6973.0,1,1,0,0
6973.0,1,3,1.0,3
6973.0,1,2,2.0,2
6973.0,1,1,0,0
7028.0,1,4,4.0,2
7028.0,1,12,6.0,3
7029.0,1,1,0,1
7029.0,1,1,0,1
7029.0,1,2,0,2
7051.0,1,1,0,0
7051.0,1,2,2.0,2
7051.0,1,1,0,1
7057.0,1,5,0,4
7057.0,1,4,1.0,3
7057.0,1,2,0,2
7057.0,1,1,0,0
7057.0,1,1,0,1
7057.0,1,1,0,0
7057.0,1,1,0,1
7089.0,1,2,0,2
7089.0,1,1,0,1
7093.0,1,2,0,2
7093.0,1,1,0,1
7148.0,1,1,0,1
7148.0,1,1,0,1
7148.0,1,1,0,0
7164.0,1,1,0,0
7164.0,1,1,0,1
7166.0,1,1,0,0
7166.0,1,1,0,1
7166.0,1,1,0,0
7166.0,1,2,1.0,2
7166.0,1,2,1.0,2
7166.0,1,1,0,1
7166.0,1,5,3.0,4
7166.0,1,4,1.0,4
7166.0,1,4,2.0,3
7166.0,1,16,4.0,6
7189.0,1,1,0,0
7189.0,1,1,0,0
7253.0,1,1,0,0
7253.0,1,1,0,1
7253.0,1,13,4.0,3
7261.0,1,1,0,0
7261.0,1,1,0,1
7261.0,1,1,0,0
7263.0,1,1,0,0
7263.0,1,1,0,1
7270.0,1,2,0,2
7289.0,1,1,0,1
7289.0,1,1,0,0
7289.0,1,4,0,4
7289.0,1,2,1.0,1
7289.0,1,2,0,2
7289.0,1,1,0,1
7289.0,1,9,3.0,4
7289.0,1,3,0,1
7289.0,1,8,6.0,4
7289.0,1,1,0,0
7289.0,1,1,0,1
7303.0,1,1,0,0
7303.0,1,1,0,1
7337.0,1,4,0,2
7490.0,1,1,0,0
7490.0,1,1,0,0
7562.0,1,2,0,0
7575.0,1,2,0,2
7580.0,1,3,0,2
7669.0,1,1,0,0
7669.0,1,1,0,1
7679.0,1,2,2.0,1
7679.0,1,1,2.0,1
7679.0,1,1,0,0
7679.0,1,1,0,1
7679.0,1,1,0,0
7679.0,1,1,0,1
7679.0,1,4,0,2
7679.0,1,2,0,1
7679.0,1,4,3.0,2
7679.0,1,1,0,1
7679.0,1,2,2.0,2
7679.0,1,1,0,1
7679.0,1,1,0,1
7679.0,1,1,0,1
7690.0,1,3,1.0,2
7725.0,1,1,0,1
7725.0,1,1,0,0
7732.0,1,2,1.0,1
7771.0,1,2,0,2
7833.0,1,1,0,1
7833.0,1,1,0,0
7833.0,1,1,0,0
7833.0,1,2,0,2
7833.0,1,1,0,0
7833.0,1,1,0,1
7833.0,1,1,0,1
7833.0,1,1,0,0
7833.0,1,1,0,0
7833.0,1,1,0,0
7833.0,1,1,0,0
7833.0,1,1,0,1
7833.0,1,1,0,1
7833.0,1,1,0,0
7833.0,1,1,0,0
7833.0,1,1,0,1
7833.0,1,1,0,1
7833.0,1,1,0,1
7833.0,1,1,0,1
7833.0,1,1,0,1
7833.0,1,9,1.0,4
7845.0,1,5,0,4
7990.0,1,1,0,0
7990.0,1,1,0,0
7990.0,1,1,0,1
8083.0,1,2,0,1
8205.0,1,22,0,1
8205.0,1,1,0,1
8205.0,1,2,0,2
8237.0,1,1,0,0
8237.0,1,1,0,1
8279.0,1,3,2.0,3
8279.0,1,1,0,1
8335.0,1,4,1.0,4
8335.0,1,1,0,1
8401.0,1,1,0,0
8401.0,1,1,0,1
8401.0,1,1,0,1
8401.0,1,1,0,0
8401.0,1,1,0,1
8401.0,1,2,0,2
8401.0,1,3,1.0,2
8427.0,1,1,0,1
8427.0,1,2,0,2
8427.0,1,1,0,1
8445.0,1,6,1.0,3
8467.0,1,1,0,0
8517.0,1,1,0,1
8517.0,1,1,0,1
8517.0,1,2,2.0,2
8517.0,1,1,0,1
8579.0,1,2,0,2
8579.0,1,1,0,1
8579.0,1,4,0,2
8579.0,1,1,0,1
8600.0,1,5,1.0,2
8700.0,1,2,1.0,2
8700.0,1,1,0,1
8798.0,1,3,1.0,2
8810.0,1,1,0,1
8912.0,1,1,0,1
8912.0,1,1,0,0
8979.0,1,2,1.0,2
8979.0,1,1,0,1
8979.0,1,1,0,1
8979.0,1,1,0,1
8979.0,1,1,0,1
8979.0,1,1,0,1
8979.0,1,6,2.0,4
8979.0,1,1,0,1
8979.0,1,4,1.0,4
8979.0,1,2,0,1
8979.0,1,2,0,2
8979.0,1,1,0,1
8979.0,1,1,0,1
9060.0,1,2,0,2
9083.0,1,1,0,1
9083.0,1,1,0,0
9157.0,1,6,0,3
9363.0,1,1,0,1
9363.0,1,1,0,0
9363.0,1,1,0,1
9463.0,1,7,0,6
9484.0,1,1,0,1
9484.0,1,9,10.0,2
9528.0,1,5,0,4
9657.0,1,1,0,0
9657.0,1,1,0,1
9740.0,1,3,0,2
9894.0,1,1,0,0
10007.0,1,1,0,0
10007.0,1,2,1.0,2
10007.0,1,1,0,0
10025.0,1,7,0,3
10275.0,1,1,0,0
10275.0,1,1,0,0
10275.0,1,6,2.0,3
10275.0,1,9,2.0,3
10275.0,1,1,0,1
10275.0,1,5,1.0,2
10275.0,1,1,0,1
10275.0,1,2,0,2
10275.0,1,1,0,0
10275.0,1,1,0,0
10367.0,1,3,1.0,2
10459.0,1,2,0,1
10459.0,1,2,1.0,2
10506.0,1,1,0,0
10506.0,1,1,0,0
10506.0,1,1,0,1
10534.0,1,5,0,5
10578.0,1,1,0,0
10592.0,1,1,0,0
10592.0,1,1,0,1
10592.0,1,1,0,1
10592.0,1,1,0,0
10592.0,1,2,1.0,2
10592.0,1,1,0,1
10592.0,1,2,0,2
10592.0,1,1,0,1
10592.0,1,1,0,1
10592.0,1,1,0,1
10592.0,1,1,0,0
10592.0,1,1,0,0
10592.0,1,4,5.0,2
10592.0,1,1,0,1
10592.0,1,2,1.0,1
10592.0,1,1,0,0
10592.0,1,3,2.0,2
10592.0,1,1,0,1
10592.0,1,1,0,1
10592.0,1,1,0,1
10592.0,1,1,0,1
10592.0,1,1,0,1
10592.0,1,1,0,1
10592.0,1,1,0,1
10592.0,1,2,0,1
10654.0,1,6,0,3
10659.0,1,2,1.0,2
10659.0,1,2,0,2
10659.0,1,1,0,1
10676.0,1,1,0,1
10676.0,1,1,0,1
10676.0,1,2,0,1
10676.0,1,1,0,0
10676.0,1,1,0,0
10676.0,1,1,0,0
10676.0,1,1,0,0
10676.0,1,1,0,0
10724.0,1,14,2.0,8
10785.0,1,1,0,1
10786.0,1,4,1.0,4
10786.0,1,4,0,2
10801.0,1,1,0,1
10801.0,1,3,0,2
10801.0,1,3,1.0,2
10801.0,1,1,0,1
10801.0,1,1,0,0
10801.0,1,1,0,0
10801.0,1,1,0,1
10801.0,1,1,0,0
10806.0,1,8,0,6
10837.0,1,3,0,3
10837.0,1,1,0,0
10837.0,1,1,0,0
10837.0,1,1,0,0
10837.0,1,1,0,0
10837.0,1,1,0,1
10846.0,1,1,1.0,1
10846.0,1,1,0,1
10857.0,1,8,0,2
11173.0,1,1,0,0
11173.0,1,2,0,2
11215.0,1,3,0,3
11277.0,1,1,0,0
11282.0,1,1,0,0
11282.0,1,1,0,1
11465.0,1,1,0,0
11465.0,1,1,0,0
11465.0,1,7,0,3
11640.0,1,2,0,2
11640.0,1,1,0,0
11640.0,1,1,0,0
11640.0,1,1,0,0
11640.0,1,1,0,0
11640.0,1,1,0,0
11640.0,1,1,0,0
11687.0,1,4,0,1
11726.0,1,2,0,2
11726.0,1,2,0,2
11730.0,1,1,0,0
11730.0,1,2,1.0,2
11730.0,1,1,0,0
11730.0,1,1,0,1
11730.0,1,1,0,1
11730.0,1,1,0,1
11730.0,1,1,0,1
11730.0,1,2,0,1
11830.0,1,2,0,2
11830.0,1,13,5.0,4
11830.0,1,4,1.0,2
11830.0,1,1,0,1
11830.0,1,15,2.0,3
11863.0,1,1,0,0
11863.0,1,1,0,1
11863.0,1,2,0,2
11863.0,1,1,0,0
11863.0,1,1,0,0
11863.0,1,2,1.0,1
11863.0,1,1,0,0
11863.0,1,1,0,1
11863.0,1,2,0,2
11933.0,1,4,2.0,2
11966.0,1,2,0,2
11972.0,1,2,0,1
11984.0,1,1,0,0
12033.0,1,3,0,3
12196.0,1,1,0,1
12226.0,1,5,0,3
12261.0,1,1,0,1
12261.0,1,1,0,0
12261.0,1,1,0,0
12261.0,1,1,0,0
12261.0,1,1,0,0
12261.0,1,1,0,0
12261.0,1,1,0,0
12261.0,1,1,0,0
12261.0,1,1,0,0
12261.0,1,1,0,0
12261.0,1,1,0,0
12261.0,1,1,0,0
12261.0,1,1,0,0
12261.0,1,1,0,0
12261.0,1,1,0,0
12261.0,1,1,0,0
12425.0,1,1,0,0
12425.0,1,1,0,0
12425.0,1,1,0,0
12425.0,1,1,0,0
12459.0,1,2,0,0
12511.0,1,1,0,0
12511.0,1,1,0,0
12511.0,1,1,0,0
12511.0,1,1,0,1
12562.0,1,2,0,0
12571.0,1,1,0,1
12571.0,1,1,0,1
12642.0,1,5,0,3
12927.0,1,1,0,1
12927.0,1,1,0,1
12998.0,1,1,0,0
12998.0,1,1,1.0,1
12998.0,1,2,0,2
13002.0,1,4,0,2
13075.0,1,1,0,1
13075.0,1,2,1.0,2
13075.0,1,2,0,2
13094.0,1,5,1.0,5
13094.0,1,1,0,0
13094.0,1,1,0,0
13097.0,1,2,0,2
13097.0,1,1,0,1
13140.0,1,1,2.0,1
13140.0,1,2,1.0,2
13140.0,1,2,0,2
13140.0,1,2,0,2
13140.0,1,8,3.0,4
13147.0,1,3,0,3
13147.0,1,32,6.0,7
13147.0,1,1,0,0
13289.0,1,1,0,0
13289.0,1,1,0,1
13289.0,1,2,0,2
13289.0,1,2,0,2
13289.0,1,2,0,2
13289.0,1,1,0,0
13289.0,1,5,0,4
13289.0,1,4,0,2
13289.0,1,1,0,1
13289.0,1,10,3.0,4
13421.0,1,1,0,1
13421.0,1,1,0,1
13433.0,1,2,1.0,1
13498.0,1,1,0,1
13498.0,1,1,1.0,1
13498.0,1,1,0,0
13498.0,1,1,0,0
13498.0,1,1,0,0
13498.0,1,1,0,1
13498.0,1,8,4.0,2
13498.0,1,16,1.0,7
13498.0,1,1,0,0
13498.0,1,1,0,1
13498.0,1,1,0,1
13547.0,1,5,0,3
13704.0,1,5,2.0,2
13775.0,1,4,0,3
13844.0,1,1,0,1
13850.0,1,3,0,3
13896.0,1,1,0,0
13896.0,1,1,0,0
13896.0,1,2,0,2
13896.0,1,1,0,1
13896.0,1,1,0,1
13929.0,1,7,2.0,6
13929.0,1,2,0,2
13949.0,1,1,0,0
13949.0,1,1,0,1
14034.0,1,1,0,0
14034.0,1,4,2.0,4
14066.0,1,2,0,2
14084.0,1,1,0,0
14096.0,1,3,0,2
14102.0,1,2,0,2
14102.0,1,1,0,0
14102.0,1,1,0,0
14102.0,1,1,0,0
14102.0,1,1,0,0
14102.0,1,1,0,0
14102.0,1,1,0,1
14102.0,1,1,0,0
14102.0,1,1,0,1
14102.0,1,1,0,1
14102.0,1,1,0,1
14102.0,1,20,8.0,7
14102.0,1,1,0,1
14102.0,1,1,0,1
14102.0,1,1,0,0
14102.0,1,1,0,1
14120.0,1,2,0,1
14130.0,1,1,0,1
14130.0,1,1,0,1
14130.0,1,1,0,1
14136.0,1,3,0,0
14598.0,1,2,1.0,2
14598.0,1,1,0,1
14598.0,1,1,0,0
14598.0,1,1,0,1
14598.0,1,1,0,1
14598.0,1,2,1.0,2
14598.0,1,4,1.0,2
14598.0,1,1,0,0
14598.0,1,2,1.0,2
14598.0,1,3,2.0,2
14598.0,1,1,0,1
14657.0,1,2,0,1
14666.0,1,2,0,2
14679.0,1,1,0,0
14679.0,1,1,0,1
14679.0,1,2,0,2
14694.0,1,5,0,2
14696.0,1,3,0,2
14696.0,1,2,0,2
14696.0,1,4,1.0,3
14696.0,1,4,1.0,4
14696.0,1,4,0,4
14696.0,1,1,0,1
14696.0,1,1,0,0
14696.0,1,1,0,1
14696.0,1,1,0,1
14696.0,1,1,0,0
14696.0,1,1,0,0
14696.0,1,1,0,0
14696.0,1,1,0,1
14696.0,1,1,0,1
14699.0,1,1,0,0
14699.0,1,1,0,1
14699.0,1,7,3.0,2
14711.0,1,1,1.0,1
14711.0,1,1,0,1
14711.0,1,1,0,0
14711.0,1,1,0,1
14711.0,1,17,1.0,4
14711.0,1,5,1.0,2
14711.0,1,2,0,2
14795.0,1,3,2.0,2
14795.0,1,2,1.0,2
14795.0,1,7,2.0,3
14795.0,1,1,0,0
14795.0,1,1,0,1
14809.0,1,1,0,0
14809.0,1,2,0,2
14888.0,1,7,0,6
14938.0,1,1,0,1
14939.0,1,1,0,0
14939.0,1,1,0,0
15002.0,1,3,0,2
15079.0,1,1,0,0
15087.0,1,1,0,1
15087.0,1,2,0,2
15087.0,1,1,0,1
15087.0,1,1,0,0
15100.0,1,1,0,0
15100.0,1,3,0,3
15100.0,1,2,0,2
15100.0,1,5,3.0,2
15100.0,1,12,0,4
15100.0,1,18,5.0,13
15100.0,1,1,0,1
15106.0,1,9,0,4
15307.0,1,1,0,1
15307.0,1,11,2.0,6
15374.0,1,4,0,3
15472.0,1,1,0,0
15507.0,1,2,0,0
15509.0,1,1,0,0
15589.0,1,6,1.0,6
15673.0,1,1,0,1
15673.0,1,1,0,0
15703.0,1,3,0,3
15703.0,1,1,0,0
15703.0,1,1,0,0
15703.0,1,1,0,0
15703.0,1,1,1.0,1
15703.0,1,1,0,1
15703.0,1,1,0,1
15703.0,1,1,0,0
15706.0,1,2,0,2
15711.0,1,1,0,1
15754.0,1,1,0,1
15754.0,1,1,0,0
15754.0,1,1,0,1
15774.0,1,5,0,5
15809.0,1,2,0,2
15809.0,1,1,0,1
15809.0,1,1,0,1
15809.0,1,3,0,2
15809.0,1,2,1.0,2
15809.0,1,2,0,2
15817.0,1,7,0,3
15841.0,1,1,0,0
15865.0,1,1,0,0
15865.0,1,1,0,0
15865.0,1,1,0,1
15885.0,1,1,0,1
15885.0,1,1,0,1
15885.0,1,1,0,1
15885.0,1,1,0,1
15885.0,1,1,0,0
15895.0,1,1,0,1
15895.0,1,3,0,3
15945.0,1,1,0,0
15945.0,1,1,0,1
15945.0,1,15,3.0,7
15945.0,1,1,0,1
15945.0,1,1,0,0
15945.0,1,1,0,0
15945.0,1,1,0,1
15945.0,1,2,0,2
15945.0,1,1,0,1
15945.0,1,1,0,1
15945.0,1,1,0,1
15945.0,1,14,8.0,8
15945.0,1,1,0,1
15945.0,1,1,0,1
15992.0,1,5,1.0,3
16051.0,1,1,0,1
16172.0,1,2,1.0,2
16172.0,1,2,1.0,2
16172.0,1,1,0,0
16172.0,1,2,1.0,2
16172.0,1,1,0,1
16172.0,1,4,3.0,3
16216.0,1,5,1.0,3
16335.0,1,1,0,1
16468.0,1,2,0,0
16557.0,1,1,0,0
16599.0,1,7,1.0,5
16780.0,1,1,0,1
16780.0,1,1,0,0
16780.0,1,2,0,2
16866.0,1,1,0,1
16866.0,1,1,0,0
16866.0,1,1,0,0
16876.0,1,1,0,1
16876.0,1,2,0,1
16876.0,1,1,0,1
17010.0,1,1,0,0
17010.0,1,1,0,1
17013.0,1,3,0,2
17021.0,1,1,0,1
17021.0,1,1,0,1
17021.0,1,4,1.0,2
17021.0,1,1,0,0
17021.0,1,2,0,2
17026.0,1,1,0,0
17026.0,1,1,0,1
17058.0,1,4,0,3
17159.0,1,1,1.0,1
17193.0,1,1,0,0
17193.0,1,1,1.0,1
17193.0,1,2,0,2
17393.0,1,3,0,1
17426.0,1,1,0,0
17468.0,1,1,0,1
17468.0,1,2,0,2
17469.0,1,5,2.0,4
17469.0,1,2,0,2
17469.0,1,1,0,1
17469.0,1,1,1.0,1
17469.0,1,1,0,1
17469.0,1,7,5.0,2
17500.0,1,1,0,0
17500.0,1,1,0,0
17500.0,1,1,0,0
17500.0,1,1,0,0
17500.0,1,1,0,0
17500.0,1,1,0,1
17667.0,1,6,0,5
17814.0,1,1,0,1
17814.0,1,1,0,1
17814.0,1,1,0,0
17852.0,1,4,0,2
18001.0,1,1,0,0
18001.0,1,2,1.0,1
18127.0,1,1,0,0
18127.0,1,2,0,2
18127.0,1,2,1.0,2
18127.0,1,1,0,1
18278.0,1,1,0,0
18278.0,1,1,0,1
18292.0,1,5,0,4
18508.0,1,1,0,0
18508.0,1,1,0,1
18508.0,1,2,0,2
18510.0,1,7,0,3
18634.0,1,2,0,2
18634.0,1,1,0,1
18634.0,1,1,0,0
18708.0,1,1,0,0
18708.0,1,1,0,0
18708.0,1,1,0,0
18708.0,1,1,0,0
18708.0,1,1,0,0
18733.0,1,2,0,1
18834.0,1,1,0,0
18834.0,1,1,0,0
18846.0,1,1,0,1
18846.0,1,1,0,0
18880.0,1,3,0,3
18935.0,1,1,0,1
19014.0,1,1,0,1
19014.0,1,1,0,0
19018.0,1,1,0,0
19018.0,1,2,0,2
19018.0,1,1,0,0
19076.0,1,2,0,1
19125.0,1,1,0,1
19125.0,1,1,0,1
19125.0,1,1,0,1
19125.0,1,1,0,1
19125.0,1,1,0,1
19125.0,1,1,0,0
19125.0,1,1,0,1
19125.0,1,2,1.0,2
19125.0,1,5,2.0,3
19125.0,1,2,0,2
19150.0,1,1,0,0
19150.0,1,1,0,1
19154.0,1,1,0,1
19154.0,1,2,0,2
19163.0,1,1,0,0
19163.0,1,1,0,0
19163.0,1,1,0,0
19163.0,1,1,0,0
19163.0,1,1,0,1
19163.0,1,7,2.0,2
19163.0,1,1,0,0
19163.0,1,1,0,0
19163.0,1,1,0,1
19181.0,1,1,0,0
19181.0,1,1,0,1
19181.0,1,1,0,1
19181.0,1,1,0,1
19181.0,1,1,0,1
19181.0,1,1,0,0
19272.0,1,1,0,0
19272.0,1,1,0,1
19272.0,1,2,0,2
19284.0,1,4,0,1
19315.0,1,1,0,0
19394.0,1,1,0,0
19394.0,1,1,0,1
19394.0,1,1,0,1
19441.0,1,4,1.0,3
19443.0,1,1,0,1
19443.0,1,1,0,1
19443.0,1,1,0,1
19443.0,1,1,0,1
19443.0,1,1,0,1
19533.0,1,5,0,3
19533.0,1,10,1.0,2
19533.0,1,9,1.0,4
19533.0,1,3,1.0,2
19609.0,1,2,0,1
19610.0,1,3,0,2
19610.0,1,2,0,2
19610.0,1,1,0,1
19610.0,1,1,0,1
19610.0,1,1,0,1
19644.0,1,1,0,0
19644.0,1,1,0,1
19644.0,1,1,0,0
19809.0,1,5,0,2
19888.0,1,2,0,2
19888.0,1,1,0,1
19888.0,1,1,0,1
19888.0,1,1,0,0
19934.0,1,10,1.0,5
20312.0,1,1,0,0
20312.0,1,1,0,0
20378.0,1,3,1.0,3
20378.0,1,1,0,0
20409.0,1,7,0,2
20640.0,1,1,0,1
20640.0,1,5,4.0,3
20640.0,1,1,0,1
20753.0,1,1,0,0
20753.0,1,1,0,1
20753.0,1,2,1.0,2
20753.0,1,2,1.0,2
20753.0,1,26,0,2
20753.0,1,4,0,2
20753.0,1,1,0,0
20753.0,1,1,0,1
20753.0,1,1,0,0
20772.0,1,5,0,4
21006.0,1,4,1.0,2
21006.0,1,6,1.0,3
21022.0,1,1,0,0
21022.0,1,1,0,1
21022.0,1,1,0,0
21091.0,1,4,0,1
21282.0,1,1,0,0
21282.0,1,1,0,1
21363.0,1,8,1.0,5
21477.0,1,1,0,1
21477.0,1,1,0,1
21477.0,1,1,0,0
21477.0,1,1,0,0
21477.0,1,1,0,0
21477.0,1,1,0,0
21484.0,1,3,0,2
21497.0,1,1,0,1
21580.0,1,1,0,0
21580.0,1,2,1.0,2
21580.0,1,1,0,1
21666.0,1,1,0,0
21666.0,1,2,0,2
21692.0,1,4,1.0,2
21746.0,1,1,0,1
21746.0,1,2,0,2
21746.0,1,1,0,1
21853.0,1,1,0,0
21853.0,1,1,0,1
21853.0,1,1,0,1
21853.0,1,7,5.0,3
21853.0,1,7,1.0,3
21853.0,1,1,0,0
21853.0,1,2,0,0
21853.0,1,1,0,1
21853.0,1,1,0,1
21853.0,1,1,0,0
21853.0,1,1,0,0
21853.0,1,2,1.0,1
21853.0,1,2,2.0,1
21853.0,1,1,0,0
21853.0,1,2,0,2
21853.0,1,3,1.0,2
21856.0,1,1,0,0
21856.0,1,1,0,0
21856.0,1,1,0,0
21871.0,1,1,0,0
21871.0,1,5,0,5
21871.0,1,1,0,0
21981.0,1,4,0,3
22013.0,1,2,0,1
22013.0,1,1,0,0
22013.0,1,9,3.0,4
22043.0,1,2,0,2
22043.0,1,1,0,0
22044.0,1,1,0,1
22044.0,1,1,0,0
22044.0,1,1,0,1
22044.0,1,1,0,0
22143.0,1,2,0,2
22274.0,1,1,0,0
22274.0,1,1,0,0
22348.0,1,7,0,2
22532.0,1,1,0,1
22669.0,1,5,1.0,3
22941.0,1,1,0,0
22946.0,1,4,0,3
22948.0,1,1,0,1
23030.0,1,2,0,2
23053.0,1,1,0,1
23058.0,1,1,0,1
23058.0,1,1,0,0
23257.0,1,2,0,2
23279.0,1,1,0,1
23281.0,1,4,0,1
23293.0,1,1,0,0
23293.0,1,1,0,1
23293.0,1,1,0,0
23328.0,1,1,0,0
23328.0,1,1,0,1
23394.0,1,1,0,1
23394.0,1,1,0,0
23394.0,1,2,1.0,2
23394.0,1,2,2.0,2
23394.0,1,9,4.0,2
23394.0,1,1,0,0
23394.0,1,1,0,1
23394.0,1,1,0,1
23394.0,1,1,0,1
23394.0,1,1,0,1
23394.0,1,1,0,1
23394.0,1,2,2.0,2
23421.0,1,2,0,1
23456.0,1,1,0,0
23458.0,1,1,0,0
23458.0,1,1,1.0,1
23458.0,1,1,0,1
23458.0,1,7,8.0,2
23458.0,1,5,4.0,2
23458.0,1,5,4.0,4
23458.0,1,1,0,1
23458.0,1,1,0,1
23469.0,1,1,0,0
23469.0,1,1,0,1
23469.0,1,1,0,0
23502.0,1,1,0,1
23502.0,1,2,0,2
23502.0,1,1,0,1
23502.0,1,1,0,0
23502.0,1,1,0,0
23522.0,1,3,0,1
23681.0,1,1,0,1
23681.0,1,1,0,1
23681.0,1,5,4.0,4
23681.0,1,1,0,0
23681.0,1,9,1.0,4
23681.0,1,1,0,1
23681.0,1,1,0,1
23681.0,1,1,0,1
23681.0,1,1,0,0
23734.0,1,2,0,1
23743.0,1,1,0,1
23847.0,1,1,0,0
23847.0,1,2,0,2
23955.0,1,1,0,0
23955.0,1,2,0,2
23956.0,1,4,0,4
24009.0,1,1,1.0,1
24009.0,1,1,0,1
24009.0,1,3,0,2
24009.0,1,1,0,0
24009.0,1,1,0,1
24009.0,1,1,0,0
24009.0,1,1,0,0
24009.0,1,1,0,0
24009.0,1,1,0,1
24009.0,1,1,0,0
24009.0,1,1,0,1
24009.0,1,1,0,1
24010.0,1,1,0,0
24010.0,1,1,0,1
24010.0,1,1,0,0
24010.0,1,1,0,1
24016.0,1,2,1.0,2
24016.0,1,1,0,1
24019.0,1,4,1.0,2
24019.0,1,1,0,0
24019.0,1,1,0,1
24032.0,1,1,0,0
24032.0,1,1,0,1
24032.0,1,1,0,1
24032.0,1,1,0,1
24095.0,1,8,1.0,3
24552.0,1,114,0,4
24552.0,1,2,0,1
24552.0,1,1,0,0
24811.0,1,3,0,2
24811.0,1,1,0,0
24811.0,1,2,0,2
24827.0,1,1,0,1
24827.0,1,1,0,0
24827.0,1,3,0,3
24827.0,1,1,0,1
24860.0,1,5,0,2
24921.0,1,6,0,2
24922.0,1,6,1.0,4
24991.0,1,1,0,1
24991.0,1,1,0,1
24991.0,1,1,0,1
24991.0,1,1,0,1
25033.0,1,3,0,1
25084.0,1,1,0,0
25084.0,1,4,3.0,2
25113.0,1,2,0,0
25120.0,1,1,0,1
25144.0,1,1,0,0
25144.0,1,1,0,0
25144.0,1,1,0,1
25151.0,1,5,0,4
25202.0,1,1,0,1
25211.0,1,8,1.0,6
25245.0,1,1,0,1
25245.0,1,2,1.0,2
25245.0,1,1,1.0,1
25245.0,1,2,1.0,2
25245.0,1,1,0,1
25383.0,1,1,0,1
25383.0,1,1,0,0
25461.0,1,2,0,2
25461.0,1,1,0,1
25467.0,1,4,0,3
25566.0,1,1,0,0
25581.0,1,1,0,0
25581.0,1,1,0,0
25581.0,1,3,1.0,2
25594.0,1,3,0,2
25677.0,1,1,0,1
25705.0,1,2,0,2
25705.0,1,1,0,1
25706.0,1,1,0,0
25706.0,1,1,0,0
25706.0,1,7,0,2
25706.0,1,2,0,2
25706.0,1,3,0,2
25706.0,1,8,0,2
25706.0,1,1,0,1
25706.0,1,3,0,3
25706.0,1,1,0,1
25706.0,1,1,0,1
25706.0,1,4,0,2
25706.0,1,2,0,2
25706.0,1,1,1.0,1
25710.0,1,4,0,2
25830.0,1,1,0,0
25830.0,1,1,0,0
25830.0,1,1,0,0
25847.0,1,6,2.0,3
26359.0,1,2,0,2
26413.0,1,3,0,2
26459.0,1,1,0,1
26459.0,1,1,0,1
26459.0,1,1,0,1
26460.0,1,2,0,1
26462.0,1,1,0,0
26462.0,1,1,0,1
26463.0,1,2,0,2
26469.0,1,1,0,1
26469.0,1,1,1.0,1
26469.0,1,1,0,0
26469.0,1,2,2.0,2
26469.0,1,1,0,1
26469.0,1,1,0,0
26469.0,1,7,2.0,3
26469.0,1,2,0,2
26469.0,1,2,0,2
26469.0,1,2,1.0,2
26469.0,1,1,0,0
26469.0,1,3,1.0,3
26469.0,1,1,0,1
26469.0,1,1,0,0
26469.0,1,1,0,0
26469.0,1,1,0,1
26469.0,1,1,0,0
26469.0,1,1,0,0
26469.0,1,1,0,0
26469.0,1,1,0,0
26469.0,1,1,0,1
26469.0,1,1,0,1
26469.0,1,1,0,1
26469.0,1,1,0,0
26469.0,1,3,2.0,3
26469.0,1,1,0,1
26469.0,1,1,0,0
26469.0,1,1,0,1
26469.0,1,9,3.0,4
26469.0,1,1,0,1
26469.0,1,5,1.0,2
26469.0,1,1,0,0
26469.0,1,1,0,0
26469.0,1,3,0,3
26469.0,1,3,0,2
26469.0,1,3,0,3
26469.0,1,2,0,2
26545.0,1,3,0,2
26557.0,1,1,0,0
26561.0,1,1,0,0
26561.0,1,2,0,1
26561.0,1,1,0,1
26571.0,1,5,0,3
26802.0,1,1,0,1
26802.0,1,2,0,1
26802.0,1,11,4.0,2
26802.0,1,1,0,0
26802.0,1,8,2.0,4
26802.0,1,5,0,4
26802.0,1,1,0,1
26802.0,1,4,2.0,2
26802.0,1,1,0,1
26802.0,1,1,0,1
26802.0,1,1,0,0
26802.0,1,1,1.0,1
26802.0,1,5,2.0,3
26802.0,1,3,1.0,2
26802.0,1,1,0,1
26802.0,1,2,0,2
26855.0,1,2,0,1
26860.0,1,1,0,1
26863.0,1,1,0,0
26863.0,1,1,0,0
26863.0,1,2,0,1
26997.0,1,2,0,1
27032.0,1,1,0,0
27087.0,1,5,0,4
27161.0,1,1,0,1
27186.0,1,1,0,1
27186.0,1,1,0,1
27233.0,1,6,0,4
27249.0,1,3,0,3
27251.0,1,4,0,2
27256.0,1,4,0,4
27256.0,1,1,0,0
27256.0,1,3,1.0,2
27256.0,1,4,2.0,2
27256.0,1,2,0,2
27256.0,1,1,0,0
27259.0,1,6,1.0,3
27457.0,1,2,1.0,2
27457.0,1,3,0,3
27477.0,1,4,1.0,3
27480.0,1,1,0,0
27485.0,1,2,0,0
27564.0,1,1,0,1
27564.0,1,1,0,0
27564.0,1,1,2.0,1
27564.0,1,1,0,1
27572.0,1,12,4.0,7
27591.0,1,1,0,1
27591.0,1,1,0,1
27591.0,1,3,1.0,2
27591.0,1,1,0,0
27591.0,1,2,1.0,2
27591.0,1,1,0,0
27591.0,1,1,0,1
27591.0,1,2,0,2
27591.0,1,1,0,0
27591.0,1,1,0,1
27607.0,1,1,0,0
27607.0,1,1,0,0
27654.0,1,1,0,1
27654.0,1,1,0,1
27654.0,1,1,0,0
27654.0,1,1,1.0,1
27654.0,1,1,0,1
27684.0,1,4,0,2
27691.0,1,3,2.0,3
27691.0,1,1,0,0
27727.0,1,2,0,1
27731.0,1,1,0,1
27731.0,1,1,0,1
27761.0,1,1,0,0
27761.0,1,5,2.0,2
27821.0,1,1,0,0
27821.0,1,1,0,0
27821.0,1,1,0,0
27821.0,1,1,0,1
27821.0,1,1,0,1
27821.0,1,1,0,0
27872.0,1,2,0,0
27909.0,1,1,0,0
28036.0,1,1,0,0
28036.0,1,1,0,0
28036.0,1,1,0,1
28036.0,1,1,1.0,1
28036.0,1,1,0,1
28036.0,1,1,0,0
28036.0,1,1,0,1
28036.0,1,5,1.0,2
28036.0,1,2,2.0,2
28036.0,1,1,0,1
28072.0,1,2,0,1
28074.0,1,1,0,1
28103.0,1,17,1.0,7
28198.0,1,1,0,1
28234.0,1,4,0,3
28275.0,1,1,0,0
28278.0,1,2,0,0
28397.0,1,3,0,3
28441.0,1,1,2.0,1
28441.0,1,1,0,1
28441.0,1,1,0,0
28441.0,1,1,0,1
28441.0,1,1,0,0
28441.0,1,1,0,1
28595.0,1,1,0,1
28595.0,1,1,0,0
28696.0,1,6,0,4
28903.0,1,2,0,2
28903.0,1,3,1.0,3
28903.0,1,1,0,0
28903.0,1,1,0,0
28903.0,1,1,0,0
28903.0,1,1,0,0
28903.0,1,26,3.0,7
28903.0,1,4,2.0,3
28903.0,1,1,0,1
28903.0,1,1,0,0
28903.0,1,4,2.0,3
28903.0,1,3,2.0,3
28903.0,1,1,0,0
28903.0,1,2,2.0,1
28903.0,1,1,0,1
29000.0,1,2,0,1
29011.0,1,1,0,0
29083.0,1,6,1.0,4
29226.0,1,1,0,0
29226.0,1,1,0,1
29226.0,1,2,1.0,2
29248.0,1,2,0,1
29263.0,1,1,0,1
29263.0,1,1,0,0
29263.0,1,1,0,1
29263.0,1,1,0,1
29263.0,1,1,0,0
29263.0,1,1,0,1
29263.0,1,1,0,1
29263.0,1,1,0,1
29309.0,1,2,0,2
29309.0,1,1,0,1
29309.0,1,1,0,0
29309.0,1,1,0,0
29309.0,1,5,1.0,1
29309.0,1,1,0,1
29309.0,1,1,0,1
29309.0,1,1,0,1
29309.0,1,3,2.0,2
29309.0,1,1,0,0
29318.0,1,3,0,2
29325.0,1,3,1.0,2
29482.0,1,3,2.0,2
29482.0,1,1,0,1
29482.0,1,2,1.0,2
29482.0,1,2,0,2
29534.0,1,3,0,2
29534.0,1,1,0,1
29534.0,1,1,0,1
29534.0,1,3,1.0,2
29534.0,1,1,0,1
29623.0,1,2,0,1
29837.0,1,6,2.0,2
29837.0,1,5,3.0,4
29869.0,1,1,0,0
29869.0,1,1,0,1
29946.0,1,2,2.0,1
29946.0,1,1,0,1
29946.0,1,1,0,1
29946.0,1,1,0,0
29946.0,1,2,0,2
30001.0,1,10,1.0,4
30020.0,1,1,0,1
30040.0,1,7,0,4
30087.0,1,1,0,0
30087.0,1,2,0,0
30087.0,1,1,0,0
30087.0,1,1,0,1
30087.0,1,2,1.0,2
30087.0,1,1,0,1
30126.0,1,1,0,1
30126.0,1,1,0,0
30143.0,1,10,1.0,6
30390.0,1,1,0,1
30390.0,1,4,1.0,4
30390.0,1,1,0,0
30390.0,1,1,0,1
30390.0,1,1,0,1
30390.0,1,1,0,0
30390.0,1,1,0,0
30390.0,1,1,0,1
30390.0,1,1,0,0
30390.0,1,1,0,1
30390.0,1,4,0,2
30390.0,1,1,0,0
30390.0,1,6,1.0,3
30390.0,1,3,1.0,2
30390.0,1,1,0,0
30390.0,1,6,1.0,3
30390.0,1,14,2.0,3
30390.0,1,8,4.0,5
30390.0,1,3,0,2
30390.0,1,2,1.0,2
30390.0,1,1,0,0
30390.0,1,1,0,0
30450.0,1,1,0,0
30450.0,1,1,0,0
30450.0,1,1,0,0
30450.0,1,1,0,0
30450.0,1,1,0,1
30484.0,1,5,1.0,2
30567.0,1,1,0,1
30567.0,1,1,1.0,1
30567.0,1,1,0,1
30587.0,1,4,0,1
30643.0,1,1,0,0
30644.0,1,1,0,1
30644.0,1,1,0,0
30647.0,1,5,0,3
30711.0,1,1,0,0
30726.0,1,1,0,0
30726.0,1,1,0,0
30739.0,1,2,0,1
30778.0,1,3,0,3
30831.0,1,4,0,1
30899.0,1,1,0,0
30914.0,1,6,0,6
30964.0,1,1,0,0
30969.0,1,1,0,1
30969.0,1,1,0,1
30974.0,1,7,0,5
31114.0,1,1,0,0
31140.0,1,4,0,2
31148.0,1,1,0,1
31157.0,1,1,0,1
31157.0,1,5,0,5
31157.0,1,2,0,2
31157.0,1,2,0,2
31157.0,1,11,2.0,3
31157.0,1,1,0,1
31157.0,1,3,0,3
31157.0,1,1,0,1
31157.0,1,1,0,1
31185.0,1,2,0,1
31187.0,1,1,0,1
31188.0,1,1,0,0
31188.0,1,1,0,1
31189.0,1,1,0,0
31189.0,1,1,0,1
31189.0,1,1,0,0
31190.0,1,1,0,0
31190.0,1,1,0,1
31191.0,1,1,0,0
31191.0,1,1,0,1
31192.0,1,1,0,0
31192.0,1,1,0,1
31192.0,1,2,2.0,2
31192.0,1,1,1.0,1
31192.0,1,1,0,1
31193.0,1,1,0,0
31193.0,1,1,0,1
31193.0,1,1,0,1
31205.0,1,3,2.0,3
31205.0,1,1,0,0
31206.0,1,9,1.0,7
31272.0,1,1,0,1
31325.0,1,2,0,0
31366.0,1,1,0,1
31366.0,1,1,0,1
31515.0,1,4,2.0,3
31515.0,1,1,0,1
31585.0,1,6,0,4
31689.0,1,1,0,0
31716.0,1,2,0,0
31814.0,1,1,0,1
31890.0,1,4,0,4
31891.0,1,1,0,0
31891.0,1,1,0,1
31891.0,1,1,0,1
31891.0,1,1,0,1
31891.0,1,5,1.0,3
31891.0,1,2,0,2
31891.0,1,15,2.0,3
31891.0,1,19,2.0,3
31891.0,1,1,0,1
31891.0,1,1,0,1
31891.0,1,1,0,1
31891.0,1,1,0,0
31891.0,1,1,0,1
31903.0,1,1,0,1
31903.0,1,1,0,1
31903.0,1,1,0,1
31903.0,1,1,0,1
31903.0,1,3,0,1
31927.0,1,3,0,2
31938.0,1,1,0,0
32012.0,1,1,0,0
32012.0,1,3,1.0,3
32012.0,1,1,0,1
32012.0,1,1,0,1
32012.0,1,2,0,2
32020.0,1,17,0,7
32174.0,1,1,0,0
32174.0,1,1,0,0
32212.0,1,3,0,0
32245.0,1,4,1.0,3
32245.0,1,2,0,2
32264.0,1,8,1.0,5
32651.0,1,3,0,3
32651.0,1,3,1.0,2
32651.0,1,1,0,1
32651.0,1,1,0,0
32656.0,1,11,1.0,10
32668.0,1,3,1.0,2
32672.0,1,3,0,2
32722.0,1,1,0,1
32813.0,1,1,0,0
32813.0,1,3,1.0,3
32816.0,1,2,0,1
32819.0,1,1,0,1
32856.0,1,1,0,1
32856.0,1,2,0,1
32856.0,1,1,0,0
32904.0,1,1,0,0
32904.0,1,2,0,2
32911.0,1,13,1.0,4
32913.0,1,1,0,0
32913.0,1,4,2.0,2
32930.0,1,2,1.0,1
32930.0,1,1,0,1
32995.0,1,1,0,0
32995.0,1,1,0,1
32995.0,1,1,0,0
33076.0,1,1,0,0
33076.0,1,1,0,1
33215.0,1,14,0,5
33318.0,1,1,0,0
33318.0,1,1,0,0
33320.0,1,2,0,1
33322.0,1,3,1.0,2
33388.0,1,12,3.0,4
33729.0,1,1,0,1
33742.0,1,1,0,1
33742.0,1,1,0,1
33743.0,1,1,0,1
33743.0,1,1,0,1
33743.0,1,1,0,0
33743.0,1,2,0,2
33743.0,1,2,0,0
33743.0,1,1,0,1
33774.0,1,4,0,2
33839.0,1,1,0,0
33839.0,1,1,0,1
33839.0,1,1,0,1
33859.0,1,4,1.0,3
33948.0,1,1,0,0
34026.0,1,5,0,3
34211.0,1,4,2.0,4
34211.0,1,1,0,0
34240.0,1,1,0,0
34240.0,1,4,0,3
34248.0,1,1,0,0
34248.0,1,2,0,2
34250.0,1,2,1.0,2
34250.0,1,1,0,1
34250.0,1,1,0,1
34250.0,1,1,0,1
34250.0,1,1,0,1
34284.0,1,3,0,1
34302.0,1,9,2.0,5
34302.0,1,1,0,0
34346.0,1,8,1.0,4
34348.0,1,1,0,0
34542.0,1,2,0,2
34542.0,1,1,0,1
34549.0,1,2,0,1
34574.0,1,1,0,1
34593.0,1,2,0,2
34598.0,1,4,3.0,2
34598.0,1,1,0,1
34598.0,1,1,0,1
34692.0,1,1,0,0
34692.0,1,1,0,1
34692.0,1,1,0,1
34847.0,1,1,0,1
34847.0,1,1,0,0
34860.0,1,3,1.0,3
34863.0,1,1,0,1
34896.0,1,1,0,1
34896.0,1,1,0,1
34921.0,1,5,1.0,4
34921.0,1,1,0,1
34926.0,1,2,0,2
34926.0,1,1,0,0
34944.0,1,2,0,1
34946.0,1,1,0,0
35078.0,1,8,1.0,4
35135.0,1,3,0,2
35135.0,1,1,0,1
35135.0,1,1,0,1
35236.0,1,1,0,0
35236.0,1,1,0,0
35236.0,1,3,0,2
35236.0,1,1,0,1
35236.0,1,1,0,0
35236.0,1,1,0,0
35318.0,1,2,0,2
35319.0,1,5,3.0,3
35333.0,1,2,0,1
35465.0,1,1,0,0
35498.0,1,2,0,2
35498.0,1,1,0,0
35520.0,1,1,0,1
35520.0,1,1,0,0
35540.0,1,1,0,0
35540.0,1,1,0,1
35540.0,1,6,2.0,5
35553.0,1,7,0,4
35798.0,1,1,0,0
35823.0,1,5,0,3
35907.0,1,1,0,1
35931.0,1,1,0,0
35931.0,1,1,0,1
35931.0,1,12,1.0,7
35931.0,1,1,0,1
35968.0,1,1,0,1
35968.0,1,1,0,0
35968.0,1,1,0,1
35968.0,1,1,0,0
35968.0,1,1,0,0
35968.0,1,1,0,1
35982.0,1,2,0,1
36009.0,1,1,0,1
36022.0,1,1,0,1
36022.0,1,1,0,1
36022.0,1,2,0,0
36022.0,1,1,0,1
36081.0,1,4,1.0,3
36209.0,1,1,0,1
36209.0,1,2,0,2
36229.0,1,2,0,1
36230.0,1,1,0,1
36230.0,1,1,0,1
36230.0,1,3,1.0,2
36230.0,1,1,0,0
36230.0,1,3,0,2
36230.0,1,1,0,0
36230.0,1,3,2.0,3
36230.0,1,1,0,1
36230.0,1,1,0,0
36230.0,1,2,0,2
36230.0,1,1,0,0
36240.0,1,19,2.0,7
36359.0,1,1,0,1
36413.0,1,1,0,1
36413.0,1,2,0,1
36439.0,1,3,0,2
36613.0,1,1,0,0
36613.0,1,1,0,1
36613.0,1,10,1.0,3
36613.0,1,3,3.0,1
36613.0,1,3,0,2
36613.0,1,1,0,1
36613.0,1,1,0,0
36613.0,1,1,0,1
36613.0,1,1,0,0
36613.0,1,1,0,1
36627.0,1,3,0,1
36656.0,1,1,0,0
36656.0,1,1,0,0
36656.0,1,1,0,0
36656.0,1,1,0,0
36656.0,1,1,0,0
36656.0,1,4,3.0,2
36656.0,1,1,0,1
36700.0,1,1,0,1
36700.0,1,2,0,2
36700.0,1,1,0,1
36713.0,1,1,0,1
36713.0,1,1,0,1
36826.0,1,1,0,0
36826.0,1,1,0,0
36844.0,1,2,0,1
36903.0,1,1,0,1
36903.0,1,2,0,2
36977.0,1,5,0,3
37184.0,1,1,0,0
37184.0,1,1,0,0
37184.0,1,1,0,1
37211.0,1,6,1.0,4
37318.0,1,10,5.0,4
37318.0,1,1,0,1
37318.0,1,2,1.0,2
37318.0,1,5,1.0,4
37318.0,1,3,2.0,2
37318.0,1,1,0,1
37327.0,1,1,0,0
37327.0,1,2,2.0,1
37327.0,1,1,0,0
37327.0,1,1,0,1
37327.0,1,1,0,1
37327.0,1,1,0,0
37336.0,1,4,2.0,2
37336.0,1,1,0,0
37410.0,1,1,0,0
37410.0,1,1,0,0
37410.0,1,1,0,1
37410.0,1,1,0,0
37484.0,1,1,0,0
37484.0,1,1,1.0,1
37484.0,1,2,0,2
37493.0,1,1,0,0
37493.0,1,1,0,1
37493.0,1,2,0,2
37493.0,1,1,0,0
37493.0,1,1,0,1
37493.0,1,2,0,2
37493.0,1,2,0,1
37493.0,1,1,0,1
37493.0,1,1,0,1
37493.0,1,1,0,0
37493.0,1,3,3.0,1
37537.0,1,1,0,0
37537.0,1,6,2.0,5
37537.0,1,1,0,1
37537.0,1,1,0,1
37537.0,1,1,0,1
37537.0,1,1,0,1
37537.0,1,1,0,1
37537.0,1,1,0,1
37537.0,1,1,0,1
37537.0,1,1,0,1
37537.0,1,1,0,1
37592.0,1,5,0,2
37608.0,1,2,0,2
37619.0,1,1,0,1
37619.0,1,1,0,1
37619.0,1,1,0,0
37619.0,1,1,0,1
37619.0,1,1,0,1
37619.0,1,1,0,1
37619.0,1,1,0,0
37619.0,1,2,0,1
37620.0,1,9,1.0,7
37712.0,1,1,0,0
37757.0,1,1,0,1
37757.0,1,1,0,1
37761.0,1,9,2.0,6
37830.0,1,4,1.0,2
37859.0,1,1,0,1
37859.0,1,1,0,1
37977.0,1,2,0,1
38007.0,1,1,0,1
38007.0,1,1,0,0
38088.0,1,1,0,0
38088.0,1,1,0,1
38167.0,1,1,0,0
38167.0,1,23,4.0,9
38167.0,1,1,0,0
38167.0,1,1,0,0
38167.0,1,2,1.0,2
38167.0,1,1,0,1
38167.0,1,1,0,1
38167.0,1,1,0,1
38193.0,1,1,0,1
38193.0,1,1,0,1
38193.0,1,1,0,1
38214.0,1,6,0,3
38490.0,1,1,0,1
38490.0,1,1,0,0
38490.0,1,3,1.0,3
38501.0,1,1,0,0
38501.0,1,3,0,3
38501.0,1,1,0,0
38501.0,1,1,0,1
38501.0,1,2,1.0,2
38501.0,1,3,2.0,2
38501.0,1,1,0,1
38501.0,1,4,2.0,3
38501.0,1,1,0,0
38501.0,1,1,0,1
38501.0,1,1,0,1
38506.0,1,1,0,1
38506.0,1,1,0,0
38575.0,1,1,0,1
38575.0,1,1,0,1
38588.0,1,6,0,4
38920.0,1,3,2.0,2
38920.0,1,1,0,0
38993.0,1,18,2.0,8
39583.0,1,1,0,0
39587.0,1,1,0,0
39587.0,1,2,1.0,2
39587.0,1,1,0,1
39594.0,1,4,0,2
39600.0,1,2,1.0,2
39600.0,1,25,3.0,11
39642.0,1,2,0,2
39642.0,1,5,0,2
39647.0,1,8,0,7
39822.0,1,1,0,1
39822.0,1,3,0,3
39822.0,1,1,0,1
39822.0,1,2,0,2
39822.0,1,1,0,0
39824.0,1,5,0,4
39824.0,1,1,0,0
39863.0,1,3,0,2
39870.0,1,1,0,0
39927.0,1,6,1.0,4
39946.0,1,2,0,1
39946.0,1,3,1.0,3
39946.0,1,2,1.0,2
40040.0,1,3,0,0
40056.0,1,1,0,1
40059.0,1,7,0,3
40092.0,1,1,0,1
40092.0,1,1,0,0
40092.0,1,1,0,1
40109.0,1,4,0,0
40205.0,1,2,1.0,1
40205.0,1,2,1.0,2
40205.0,1,10,5.0,5
40217.0,1,2,0,1
40280.0,1,1,0,1
40280.0,1,1,0,1
40294.0,1,4,0,2
40314.0,1,2,1.0,2
40314.0,1,2,0,2
40314.0,1,3,1.0,3
40314.0,1,7,2.0,4
40351.0,1,4,0,3
40366.0,1,1,0,1
40376.0,1,1,0,1
40376.0,1,1,0,0
40378.0,1,2,0,1
40379.0,1,1,0,0
40379.0,1,1,0,0
40393.0,1,3,1.0,3
40393.0,1,1,0,1
40398.0,1,5,0,2
40605.0,1,1,0,1
40605.0,1,2,2.0,2
40605.0,1,1,0,1
40605.0,1,5,2.0,4
40605.0,1,1,0,0
40605.0,1,1,2.0,1
40605.0,1,1,0,1
40605.0,1,1,0,0
40605.0,1,9,4.0,3
40630.0,1,1,0,0
40630.0,1,1,0,1
40636.0,1,1,0,1
40636.0,1,19,0,2
40754.0,1,9,3.0,8
40755.0,1,1,0,0
40755.0,1,2,1.0,1
40757.0,1,1,0,0
40757.0,1,2,1.0,2
40757.0,1,1,0,0
40761.0,1,3,2.0,2
40761.0,1,1,0,1
40761.0,1,1,0,1
40761.0,1,1,0,1
40761.0,1,1,0,0
40761.0,1,2,0,2
40866.0,1,2,0,2
40866.0,1,2,0,2
40886.0,1,3,2.0,2
40894.0,1,1,0,1
40946.0,1,1,0,0
40946.0,1,2,0,2
40946.0,1,1,0,0
40946.0,1,1,0,1
40946.0,1,1,0,1
40946.0,1,1,0,0
40946.0,1,1,0,0
40946.0,1,1,0,1
40946.0,1,1,0,0
40946.0,1,1,0,1
40946.0,1,2,2.0,2
40946.0,1,4,3.0,3
40946.0,1,1,0,0
40946.0,1,1,0,0
40946.0,1,6,2.0,4
40946.0,1,1,0,1
40946.0,1,1,0,1
40946.0,1,1,0,0
40946.0,1,1,0,0
40946.0,1,1,0,1
41016.0,1,1,0,0
41016.0,1,2,0,2
41016.0,1,1,0,1
41016.0,1,1,0,1
41017.0,1,2,0,2
41017.0,1,1,0,1
41017.0,1,4,0,1
41073.0,1,4,0,0
41165.0,1,2,0,2
41165.0,1,1,0,1
41191.0,1,1,0,0
41191.0,1,7,2.0,3
41191.0,1,6,0,3
41192.0,1,1,0,0
41192.0,1,6,1.0,5
41192.0,1,1,0,0
41192.0,1,1,0,1
41192.0,1,1,0,1
41192.0,1,2,0,2
41192.0,1,1,0,1
41192.0,1,5,0,2
41192.0,1,1,0,0
41192.0,1,1,0,1
41192.0,1,4,0,3
41192.0,1,1,0,0
41200.0,1,1,0,0
41200.0,1,2,0,2
41200.0,1,1,0,1
41200.0,1,1,0,1
41200.0,1,1,0,1
41212.0,1,3,0,3
41212.0,1,13,3.0,6
41212.0,1,1,0,1
41212.0,1,1,0,0
41223.0,1,2,0,0
41269.0,1,1,0,1
41269.0,1,1,0,1
41288.0,1,3,2.0,3
41288.0,1,1,0,1
41597.0,1,2,0,2
41597.0,1,13,3.0,4
41597.0,1,1,0,1
41671.0,1,3,1.0,3
41681.0,1,1,0,1
41684.0,1,1,0,1
41684.0,1,1,0,1
41687.0,1,2,0,1
41687.0,1,1,0,0
41687.0,1,1,0,1
41687.0,1,1,0,0
41691.0,1,1,0,1
41691.0,1,1,0,1
41691.0,1,1,0,0
41691.0,1,1,0,1
41691.0,1,1,0,1
41754.0,1,3,0,2
41755.0,1,1,0,0
41755.0,1,1,0,0
41755.0,1,1,0,0
41755.0,1,1,0,0
41755.0,1,1,0,0
41755.0,1,1,0,0
41755.0,1,1,0,0
41755.0,1,1,0,0
41755.0,1,1,0,0
41755.0,1,1,0,0
41755.0,1,1,0,0
41755.0,1,1,0,0
41755.0,1,1,0,0
41755.0,1,1,0,0
41755.0,1,1,0,0
41755.0,1,1,0,0
41755.0,1,1,0,0
41755.0,1,1,0,0
41755.0,1,1,0,0
41755.0,1,1,0,0
41755.0,1,1,0,0
41755.0,1,1,0,0
41755.0,1,1,0,0
41755.0,1,1,0,0
41755.0,1,1,0,0
41755.0,1,1,0,0
41755.0,1,1,0,0
41755.0,1,1,0,0
41755.0,1,1,0,0
41755.0,1,1,0,0
41755.0,1,1,0,0
41755.0,1,1,0,0
41755.0,1,1,0,0
41795.0,1,4,1.0,3
41808.0,1,2,1.0,2
41817.0,1,9,3.0,3
41879.0,1,1,1.0,1
41879.0,1,1,0,0
41879.0,1,1,0,1
41879.0,1,1,0,0
41879.0,1,1,0,1
41887.0,1,1,0,0
41887.0,1,13,2.0,6
41887.0,1,1,0,1
41887.0,1,1,0,1
41892.0,1,3,0,2
41982.0,1,1,0,1
42018.0,1,1,0,0
42018.0,1,1,0,1
42018.0,1,1,0,0
42018.0,1,1,0,1
42039.0,1,2,0,0
42078.0,1,1,0,1
42078.0,1,1,0,0
42164.0,1,2,0,0
42207.0,1,1,0,1
42207.0,1,1,0,1
42207.0,1,1,0,1
42207.0,1,1,0,1
42236.0,1,9,1.0,8
42351.0,1,12,6.0,7
42419.0,1,5,0,2
42463.0,1,4,0,3
42463.0,1,2,1.0,2
42463.0,1,1,0,1
42463.0,1,3,1.0,3
42463.0,1,1,0,1
42463.0,1,1,0,1
42524.0,1,7,1.0,7
42583.0,1,1,0,1
42583.0,1,1,0,1
42589.0,1,1,0,0
42589.0,1,1,0,1
42589.0,1,1,0,1
42589.0,1,1,0,1
42589.0,1,1,0,1
42589.0,1,1,0,1
42589.0,1,1,0,1
42589.0,1,2,0,2
42589.0,1,19,1.0,5
42589.0,1,4,0,2
42589.0,1,1,0,1
42589.0,1,2,0,2
42589.0,1,4,1.0,4
42589.0,1,1,0,0
42589.0,1,1,0,0
42589.0,1,1,0,0
42589.0,1,1,0,0
42589.0,1,1,0,0
42589.0,1,1,0,0
42589.0,1,1,0,0
42589.0,1,3,0,3
42644.0,1,6,1.0,4
42713.0,1,1,0,1
42713.0,1,1,0,1
42713.0,1,16,4.0,4
42729.0,1,3,0,2
42763.0,1,1,0,1
42766.0,1,6,0,3
42912.0,1,3,0,1
42914.0,1,2,0,1
42969.0,1,1,0,0
42969.0,1,1,0,0
42969.0,1,1,0,1
42969.0,1,1,0,0
42969.0,1,1,0,0
42969.0,1,1,0,1
42969.0,1,1,0,1
42969.0,1,3,1.0,3
42969.0,1,1,0,0
42969.0,1,1,1.0,1
42969.0,1,1,0,0
42969.0,1,1,0,0
42969.0,1,9,1.0,5
42969.0,1,4,1.0,2
42969.0,1,1,0,0
42969.0,1,6,3.0,3
42969.0,1,3,0,3
42969.0,1,1,0,0
42969.0,1,1,0,0
42969.0,1,1,0,1
42969.0,1,1,0,1
42969.0,1,1,0,1
42969.0,1,1,0,1
42969.0,1,1,1.0,1
42969.0,1,1,0,0
42969.0,1,1,0,1
42969.0,1,1,0,1
42969.0,1,5,2.0,4
42969.0,1,24,1.0,17
42970.0,1,1,0,1
42970.0,1,1,0,1
42970.0,1,2,0,2
42970.0,1,4,2.0,3
42970.0,1,4,0,3
42970.0,1,1,0,0
42970.0,1,6,0,3
42970.0,1,4,0,3
42970.0,1,3,0,3
42970.0,1,2,1.0,2
42970.0,1,1,0,0
42970.0,1,1,0,1
42970.0,1,9,1.0,3
42970.0,1,1,0,1
42970.0,1,1,1.0,1
42970.0,1,1,0,1
42970.0,1,1,0,0
43010.0,1,1,0,0
43010.0,1,2,0,0
43056.0,1,4,0,3
43072.0,1,1,0,1
43093.0,1,1,0,0
43093.0,1,1,0,0
43095.0,1,1,0,0
43095.0,1,1,0,0
43113.0,1,3,1.0,1
43153.0,1,1,0,0
43156.0,1,1,0,1
43156.0,1,1,0,1
43156.0,1,1,0,1
43211.0,1,3,1.0,3
43303.0,1,1,0,0
43303.0,1,1,0,1
43303.0,1,1,0,0
43303.0,1,1,0,0
43311.0,1,1,0,1
43311.0,1,1,0,1
43311.0,1,1,0,1
43311.0,1,1,0,1
43311.0,1,17,1.0,3
43311.0,1,1,0,1
43333.0,1,1,0,0
43333.0,1,3,1.0,2
43374.0,1,18,2.0,9
43432.0,1,1,0,1
43432.0,1,1,0,1
43432.0,1,1,0,1
43432.0,1,1,0,1
43432.0,1,3,1.0,3
43432.0,1,2,1.0,2
43432.0,1,2,0,2
43450.0,1,5,3.0,2
43484.0,1,3,0,2
43484.0,1,2,0,0
43484.0,1,1,0,0
43484.0,1,2,0,1
43484.0,1,1,0,0
43560.0,1,1,0,1
43560.0,1,1,0,0
43609.0,1,1,0,1
43609.0,1,2,0,2
43609.0,1,2,0,2
43609.0,1,1,0,1
43609.0,1,1,0,0
43609.0,1,1,0,1
43678.0,1,7,1.0,5
43782.0,1,3,1.0,3
43789.0,1,3,0,2
43866.0,1,1,0,0
43866.0,1,1,0,1
43866.0,1,1,0,0
43866.0,1,1,0,1
43885.0,1,1,0,0
43885.0,1,1,0,1
43950.0,1,1,0,0
43950.0,1,1,0,1
44040.0,1,2,0,0
44043.0,1,4,1.0,3
44051.0,1,2,0,1
44063.0,1,1,0,1
44063.0,1,1,0,0
44063.0,1,1,0,0
44063.0,1,1,0,0
44063.0,1,1,0,0
44107.0,1,4,1.0,4
44107.0,1,4,2.0,2
44107.0,1,1,0,0
44107.0,1,2,0,2
44246.0,1,1,0,0
44246.0,1,3,0,3
44258.0,1,1,0,0
44258.0,1,1,0,0
44298.0,1,1,0,0
44298.0,1,1,0,0
44298.0,1,1,0,0
44298.0,1,1,0,0
44298.0,1,1,0,0
44298.0,1,1,0,0
44298.0,1,2,1.0,2
44298.0,1,5,1.0,4
44298.0,1,1,0,1
44298.0,1,1,0,1
44298.0,1,1,0,1
44298.0,1,1,0,0
44298.0,1,1,0,0
44298.0,1,1,0,0
44328.0,1,3,0,0
44364.0,1,3,1.0,2
44364.0,1,1,0,0
44364.0,1,1,0,0
44364.0,1,3,1.0,2
44364.0,1,1,0,0
44370.0,1,2,0,2
44370.0,1,2,1.0,2
44370.0,1,1,0,1
44370.0,1,1,0,1
44371.0,1,2,0,1
44412.0,1,1,0,0
44412.0,1,2,0,2
44412.0,1,1,0,0
44412.0,1,1,0,0
44412.0,1,1,0,0
44468.0,1,1,0,1
44468.0,1,1,0,0
44468.0,1,1,0,0
44487.0,1,2,0,1
44601.0,1,1,0,0
44601.0,1,1,0,0
44601.0,1,1,0,0
44601.0,1,1,0,0
44601.0,1,1,0,1
44606.0,1,5,1.0,2
44606.0,1,1,0,0
44625.0,1,1,1.0,1
44625.0,1,4,2.0,3
44626.0,1,3,0,3
44626.0,1,2,0,2
44626.0,1,1,0,1
44626.0,1,1,0,0
44715.0,1,1,0,0
44715.0,1,10,2.0,3
44721.0,1,2,0,0
44730.0,1,1,0,0
44735.0,1,4,1.0,2
44741.0,1,1,0,0
44784.0,1,3,0,2
44805.0,1,1,0,0
44805.0,1,1,0,1
44810.0,1,4,0,2
44843.0,1,1,0,1
44843.0,1,1,0,0
44843.0,1,2,0,2
44843.0,1,1,0,1
44860.0,1,1,0,0
44860.0,1,4,1.0,4
44860.0,1,3,0,3
44860.0,1,3,0,3
44860.0,1,3,1.0,3
44886.0,1,1,0,0
44886.0,1,3,0,3
44909.0,1,5,0,2
45009.0,1,1,0,1
45009.0,1,1,0,1
45009.0,1,2,0,2
45020.0,1,4,0,2
45068.0,1,1,0,1
45068.0,1,1,0,1
45068.0,1,1,0,1
45084.0,1,1,0,1
45084.0,1,1,0,1
45087.0,1,3,0,2
45147.0,1,5,0,5
45147.0,1,3,1.0,3
45147.0,1,2,0,1
45147.0,1,2,0,1
45150.0,1,4,0,2
45175.0,1,1,0,1
45281.0,1,1,0,1
45281.0,1,1,0,0
45281.0,1,1,0,1
45281.0,1,1,0,1
45281.0,1,2,0,2
45281.0,1,1,0,0
45281.0,1,1,0,1
45281.0,1,1,0,0
45281.0,1,2,0,2
45356.0,1,1,0,0
45356.0,1,1,0,1
45371.0,1,8,1.0,6
45421.0,1,1,0,0
45428.0,1,10,0,9
45528.0,1,1,0,1
45648.0,1,7,1.0,3
45775.0,1,1,0,0
45775.0,1,1,0,0
45788.0,1,1,0,0
45788.0,1,2,1.0,1
45788.0,1,1,1.0,1
45788.0,1,2,0,2
45788.0,1,1,0,1
45789.0,1,6,1.0,4
45821.0,1,1,0,0
45821.0,1,1,0,1
45850.0,1,3,1.0,3
45850.0,1,1,0,1
45872.0,1,8,2.0,5
45957.0,1,1,0,0
45957.0,1,5,1.0,2
45996.0,1,5,1.0,4
46247.0,1,1,0,0
46262.0,1,1,0,0
46262.0,1,1,0,1
46262.0,1,1,0,1
46391.0,1,1,0,0
46391.0,1,1,0,1
46391.0,1,1,0,1
46414.0,1,1,0,1
46414.0,1,9,1.0,2
46414.0,1,1,0,1
46414.0,1,3,2.0,1
46414.0,1,3,1.0,2
46414.0,1,1,0,1
46429.0,1,2,0,0
46434.0,1,5,1.0,5
46434.0,1,3,1.0,3
46434.0,1,1,0,1
46456.0,1,1,0,1
46456.0,1,1,0,1
46520.0,1,1,0,1
46520.0,1,1,0,0
46565.0,1,9,0,7
46708.0,1,3,0,3
46714.0,1,1,0,0
46714.0,1,1,0,1
46714.0,1,1,0,1
46717.0,1,3,0,3
46721.0,1,1,0,1
46744.0,1,3,0,0
46783.0,1,1,0,0
46791.0,1,1,0,0
46791.0,1,1,0,1
46791.0,1,1,0,0
46791.0,1,2,0,2
46791.0,1,5,3.0,3
46791.0,1,1,0,0
46791.0,1,1,0,0
46852.0,1,1,0,0
46852.0,1,1,0,1
46852.0,1,1,0,1
46929.0,1,2,0,1
46929.0,1,1,0,1
46929.0,1,1,0,1
46929.0,1,1,0,0
46929.0,1,1,0,0
46929.0,1,1,0,0
46934.0,1,1,0,0
46934.0,1,6,1.0,6
46934.0,1,1,0,0
46934.0,1,1,0,0
46934.0,1,1,0,0
46934.0,1,1,0,1
46934.0,1,2,1.0,2
46934.0,1,1,1.0,1
46934.0,1,1,0,1
46934.0,1,1,0,0
46934.0,1,1,0,1
46934.0,1,1,0,1
46934.0,1,1,0,1
46960.0,1,2,0,0
46967.0,1,1,0,0
46969.0,1,1,0,0
46969.0,1,1,0,1
46969.0,1,1,0,1
46973.0,1,2,0,1
46973.0,1,6,2.0,3
46988.0,1,5,0,2
47208.0,1,1,0,1
47300.0,1,2,0,1
47312.0,1,1,0,0
47312.0,1,1,0,1
47324.0,1,2,0,2
47324.0,1,1,0,1
47324.0,1,3,1.0,3
47373.0,1,3,0,1
47391.0,1,1,0,0
47391.0,1,1,0,1
47494.0,1,5,2.0,4
47522.0,1,3,2.0,3
47534.0,1,1,0,0
47534.0,1,1,0,0
47536.0,1,2,0,1
47536.0,1,2,0,2
47536.0,1,2,0,2
47536.0,1,1,0,1
47536.0,1,1,0,1
47536.0,1,2,0,2
47544.0,1,1,0,1
47544.0,1,1,0,0
47550.0,1,1,0,0
47550.0,1,1,0,1
47550.0,1,3,0,3
47550.0,1,2,0,2
47550.0,1,2,1.0,2
47550.0,1,4,4.0,2
47550.0,1,2,0,2
47550.0,1,2,2.0,2
47550.0,1,1,0,0
47594.0,1,1,0,0
47594.0,1,1,0,1
47612.0,1,7,0,4
47692.0,1,2,1.0,1
47692.0,1,2,0,2
47800.0,1,1,0,0
47800.0,1,1,0,0
47802.0,1,1,0,0
47802.0,1,3,0,3
47802.0,1,2,1.0,2
47802.0,1,1,0,1
47822.0,1,1,0,1
47822.0,1,1,0,1
47841.0,1,1,0,1
47841.0,1,1,0,1
47871.0,1,1,0,1
47871.0,1,1,0,1
47906.0,1,2,0,2
47906.0,1,1,0,1
47923.0,1,3,0,1
47970.0,1,1,0,1
47970.0,1,1,0,1
47970.0,1,1,0,1
47981.0,1,3,0,3
47981.0,1,1,0,1
47981.0,1,1,0,1
47984.0,1,1,0,0
47984.0,1,1,0,1
47984.0,1,2,0,2
47984.0,1,3,1.0,2
47984.0,1,1,0,0
47986.0,1,1,0,1
47986.0,1,1,0,0
48037.0,1,2,0,1
48066.0,1,1,0,0
48066.0,1,1,0,0
48072.0,1,2,0,2
48072.0,1,1,0,1
48072.0,1,1,0,0
48095.0,1,12,0,4
48147.0,1,1,0,0
48170.0,1,4,0,1
48261.0,1,1,0,1
48261.0,1,1,0,1
48261.0,1,1,0,1
48261.0,1,14,1.0,5
48280.0,1,7,0,5
48523.0,1,1,0,1
48523.0,1,1,0,1
48523.0,1,1,0,1
48523.0,1,1,0,1
48523.0,1,1,0,0
48523.0,1,1,0,1
48523.0,1,1,0,1
48523.0,1,1,0,1
48523.0,1,1,0,1
48552.0,1,2,0,2
48552.0,1,1,0,1
48555.0,1,1,0,0
48555.0,1,1,0,1
48555.0,1,1,0,0
48555.0,1,1,0,0
48555.0,1,1,0,1
48555.0,1,1,0,1
48555.0,1,2,1.0,2
48555.0,1,1,0,0
48555.0,1,1,0,0
48557.0,1,2,0,1
48674.0,1,4,1.0,3
48699.0,1,1,0,1
48720.0,1,2,1.0,2
48720.0,1,2,0,1
48750.0,1,6,0,3
48750.0,1,1,0,1
48783.0,1,1,0,1
48783.0,1,1,0,0
48783.0,1,8,1.0,3
48783.0,1,1,0,0
48783.0,1,1,0,1
48783.0,1,1,0,1
48824.0,1,4,1.0,3
48844.0,1,1,0,1
48853.0,1,6,2.0,4
48855.0,1,1,0,1
48993.0,1,2,0,1
49018.0,1,1,0,1
49018.0,1,1,0,0
49083.0,1,6,0,3
49163.0,1,1,0,1
49163.0,1,1,0,0
49163.0,1,1,0,0
49163.0,1,1,0,0
49211.0,1,1,0,0
49211.0,1,1,0,1
49211.0,1,1,0,1
49211.0,1,1,0,1
49211.0,1,1,0,1
49211.0,1,1,0,0
49211.0,1,3,0,3
49211.0,1,1,0,1
49211.0,1,2,1.0,2
49211.0,1,3,2.0,2
49211.0,1,1,0,0
49331.0,1,1,0,0
49331.0,1,2,0,0
49412.0,1,4,2.0,3
49475.0,1,1,0,1
49475.0,1,1,0,1
49484.0,1,3,2.0,3
49484.0,1,2,1.0,2
49484.0,1,4,2.0,4
49484.0,1,10,3.0,8
49533.0,1,2,0,0
49593.0,1,2,1.0,1
49593.0,1,2,0,2
49632.0,1,3,0,2
49710.0,1,2,0,2
49716.0,1,3,0,3
49730.0,1,8,0,3
49730.0,1,1,0,1
49730.0,1,7,1.0,4
49730.0,1,11,2.0,4
49730.0,1,4,2.0,2
49730.0,1,2,0,2
49730.0,1,1,0,1
49730.0,1,1,0,1
49761.0,1,3,0,3
49779.0,1,1,0,1
49840.0,1,3,0,2
49886.0,1,1,0,1
49886.0,1,1,0,0
49893.0,1,1,0,1
49893.0,1,4,2.0,3
49899.0,1,5,0,3
49899.0,1,1,0,0
49899.0,1,1,0,0
49899.0,1,1,0,0
49899.0,1,4,1.0,2
49899.0,1,1,0,0
50049.0,1,1,0,1
50049.0,1,1,0,1
50050.0,1,6,2.0,4
50096.0,1,1,0,1
50096.0,1,5,2.0,5
50112.0,1,1,0,0
50112.0,1,1,0,0
50112.0,1,1,0,0
50112.0,1,1,0,1
50136.0,1,1,0,0
50136.0,1,1,0,1
50155.0,1,2,0,1
50155.0,1,1,0,1
50155.0,1,4,0,3
50155.0,1,5,1.0,5
50158.0,1,3,0,0
50202.0,1,3,1.0,2
50202.0,1,1,0,1
50202.0,1,1,1.0,1
50202.0,1,1,0,0
50213.0,1,1,0,0
50213.0,1,1,0,0
50213.0,1,1,0,1
50232.0,1,1,0,0
50232.0,1,17,0,7
50232.0,1,1,0,1
50232.0,1,1,1.0,1
50232.0,1,2,3.0,1
50232.0,1,1,0,1
50254.0,1,1,0,0
50254.0,1,1,0,0
50254.0,1,1,0,0
50254.0,1,1,0,1
50262.0,1,2,0,1
50262.0,1,1,0,1
50315.0,1,2,0,1
50347.0,1,1,0,1
50360.0,1,1,0,0
50360.0,1,1,0,1
50416.0,1,1,0,1
50416.0,1,1,0,1
50418.0,1,4,0,1
50483.0,1,5,0,2
50483.0,1,18,3.0,9
50483.0,1,21,4.0,5
50483.0,1,1,0,1
50483.0,1,1,0,1
50559.0,1,2,0,2
50581.0,1,1,0,1
50584.0,1,1,0,1
50584.0,1,1,0,1
50683.0,1,1,0,0
50683.0,1,1,0,1
50683.0,1,1,0,1
50683.0,1,1,0,1
50683.0,1,1,0,1
50757.0,1,6,2.0,3
50757.0,1,1,2.0,1
50757.0,1,2,1.0,1
50757.0,1,1,0,0
50757.0,1,1,0,0
50898.0,1,2,0,1
51003.0,1,7,0,6
51003.0,1,7,1.0,5
51003.0,1,2,0,2
51003.0,1,1,0,1
51003.0,1,2,0,2
51003.0,1,1,0,1
51003.0,1,2,0,1
51003.0,1,5,2.0,2
51003.0,1,1,0,0
51003.0,1,1,0,1
51003.0,1,1,0,0
51003.0,1,1,0,1
51009.0,1,1,0,0
51009.0,1,2,0,2
51009.0,1,4,1.0,2
51041.0,1,9,0,5
51442.0,1,2,1.0,2
51442.0,1,1,0,1
51442.0,1,1,0,1
51442.0,1,1,0,1
51442.0,1,1,0,1
51442.0,1,6,0,6
51442.0,1,1,0,1
51442.0,1,2,0,2
51442.0,1,1,0,1
51442.0,1,1,0,1
51442.0,1,1,1.0,1
51442.0,1,9,1.0,8
51442.0,1,2,0,1
51442.0,1,1,0,1
51442.0,1,1,0,1
51442.0,1,1,0,1
51442.0,1,2,0,1
51442.0,1,1,0,1
51442.0,1,1,0,1
51442.0,1,1,0,1
51442.0,1,1,1.0,1
51442.0,1,1,0,1
51442.0,1,1,0,1
51442.0,1,1,0,1
51442.0,1,1,0,1
51442.0,1,1,0,1
51442.0,1,1,1.0,1
51442.0,1,1,1.0,1
51442.0,1,1,0,1
51442.0,1,2,1.0,2
51442.0,1,3,0,3
51442.0,1,1,0,1
51442.0,1,3,0,3
51476.0,1,1,0,0
51476.0,1,5,3.0,2
51476.0,1,5,4.0,1
51568.0,1,10,0,6
51950.0,1,1,0,0
51950.0,1,1,0,0
51950.0,1,1,0,0
51950.0,1,1,0,1
51950.0,1,1,0,0
51950.0,1,1,0,0
52101.0,1,1,0,0
52101.0,1,1,0,1
52101.0,1,1,0,0
52101.0,1,1,0,1
52254.0,1,1,0,0
52254.0,1,2,1.0,2
52254.0,1,2,0,2
52377.0,1,1,0,1
52377.0,1,1,0,1
52377.0,1,1,0,1
52377.0,1,1,0,1
52377.0,1,1,0,0
52377.0,1,1,0,0
52485.0,1,1,0,1
52485.0,1,1,0,1
52596.0,1,5,2.0,3
52782.0,1,1,0,0
52817.0,1,5,0,2
52862.0,1,2,1.0,2
52862.0,1,1,0,0
52862.0,1,1,0,1
52862.0,1,1,0,1
52876.0,1,4,0,3
53021.0,1,1,0,1
53021.0,1,5,4.0,2
53021.0,1,1,0,1
53021.0,1,2,0,1
53021.0,1,1,0,1
53021.0,1,11,1.0,2
53021.0,1,1,0,1
53021.0,1,1,0,1
53038.0,1,5,0,2
53124.0,1,1,0,1
53157.0,1,1,0,0
53157.0,1,1,0,1
53180.0,1,3,0,2
53377.0,1,1,0,1
53469.0,1,10,0,5
53595.0,1,1,0,1
53595.0,1,1,0,0
53598.0,1,7,0,6
53604.0,1,5,0,5
53604.0,1,3,1.0,3
53700.0,1,3,0,3
53722.0,1,2,0,2
53722.0,1,1,0,1
53722.0,1,1,0,1
53739.0,1,1,0,1
53739.0,1,1,0,1
53739.0,1,2,1.0,2
53739.0,1,2,0,2
53739.0,1,2,0,2
53854.0,1,4,0,3
54023.0,1,1,0,1
54049.0,1,1,0,0
54049.0,1,1,0,1
54262.0,1,11,0,7
54317.0,1,1,0,0
54399.0,1,2,0,1
54402.0,1,1,0,1
54408.0,1,2,0,0
54478.0,1,2,2.0,1
54478.0,1,1,0,1
54478.0,1,2,0,2
54558.0,1,2,0,1
54573.0,1,4,0,3
54593.0,1,4,0,3
54622.0,1,1,0,1
54622.0,1,2,1.0,2
54622.0,1,1,0,1
54622.0,1,1,1.0,1
54622.0,1,2,1.0,2
54622.0,1,1,0,0
54680.0,1,1,0,0
54680.0,1,2,1.0,2
54680.0,1,2,2.0,2
54680.0,1,5,1.0,2
54680.0,1,1,0,0
54680.0,1,1,0,0
54680.0,1,1,0,1
54680.0,1,3,0,1
54680.0,1,1,0,0
54688.0,1,1,0,0
54688.0,1,1,0,0
54688.0,1,1,0,0
54723.0,1,7,1.0,6
54723.0,1,1,0,1
54723.0,1,2,1.0,2
54723.0,1,1,0,1
54723.0,1,1,0,0
54723.0,1,1,0,0
54723.0,1,2,0,2
54723.0,1,1,0,1
54791.0,1,1,0,0
54791.0,1,1,0,0
54792.0,1,2,0,1
54798.0,1,1,0,0
54798.0,1,1,0,1
54812.0,1,4,0,2
54834.0,1,1,0,0
54844.0,1,4,0,4
54862.0,1,1,0,0
54862.0,1,1,0,1
54862.0,1,1,0,1
54862.0,1,1,0,0
54862.0,1,1,0,1
54862.0,1,1,0,0
54862.0,1,1,0,1
54862.0,1,1,0,0
54862.0,1,1,0,1
54862.0,1,30,9.0,10
54874.0,1,9,3.0,7
54874.0,1,2,1.0,2
54874.0,1,1,0,1
54894.0,1,5,0,2
54901.0,1,1,0,1
54903.0,1,1,0,1
54903.0,1,1,0,1
54913.0,1,1,0,1
54913.0,1,1,0,0
55070.0,1,2,0,0
55262.0,1,1,0,1
55293.0,1,5,0,4
55310.0,1,1,0,0
55310.0,1,1,0,1
55321.0,1,2,0,1
55328.0,1,2,0,1
55328.0,1,2,0,1
55328.0,1,1,0,0
55328.0,1,1,0,0
55328.0,1,1,0,0
55328.0,1,1,0,0
55328.0,1,1,0,0
55349.0,1,3,0,2
55460.0,1,2,0,2
55460.0,1,1,0,1
55543.0,1,1,0,0
55543.0,1,2,0,2
55543.0,1,1,0,0
55943.0,1,15,2.0,6
56430.0,1,1,0,0
56430.0,1,1,0,0
56430.0,1,3,1.0,3
56430.0,1,1,0,0
56430.0,1,1,0,0
56430.0,1,1,0,0
56430.0,1,1,0,0
56430.0,1,1,0,1
56431.0,1,12,1.0,3
56806.0,1,4,1.0,3
56904.0,1,5,2.0,3
56904.0,1,1,1.0,1
56904.0,1,1,0,1
56904.0,1,1,0,0
56911.0,1,3,0,2
56914.0,1,1,0,1
56965.0,1,1,0,1
56965.0,1,1,0,1
56986.0,1,1,0,0
56986.0,1,1,0,0
56986.0,1,1,0,0
56986.0,1,2,1.0,2
56995.0,1,2,0,0
56998.0,1,1,0,1
57036.0,1,1,0,1
57036.0,1,1,0,1
57085.0,1,6,0,3
57295.0,1,1,0,0
57295.0,1,1,0,1
57295.0,1,1,0,0
57295.0,1,1,0,0
57302.0,1,2,0,2
57348.0,1,1,0,1
57348.0,1,1,0,1
57368.0,1,1,0,0
57368.0,1,1,0,1
57374.0,1,1,0,0
57374.0,1,3,3.0,2
57384.0,1,6,2.0,4
57384.0,1,5,0,4
57384.0,1,1,0,1
57384.0,1,1,0,0
57384.0,1,1,0,1
57514.0,1,8,0,5
57783.0,1,1,0,0
57797.0,1,4,0,1
57847.0,1,1,0,1
57847.0,1,1,0,0
57847.0,1,1,0,1
57847.0,1,2,0,0
57856.0,1,1,0,0
57856.0,1,1,0,1
57930.0,1,2,0,0
57937.0,1,1,0,0
57998.0,1,1,0,0
57998.0,1,1,0,0
57998.0,1,2,1.0,2
57998.0,1,1,0,1
57998.0,1,1,0,0
57998.0,1,1,0,1
57998.0,1,1,0,0
57998.0,1,1,0,1
57998.0,1,6,1.0,3
57998.0,1,2,0,1
57998.0,1,1,0,1
58043.0,1,1,0,0
58043.0,1,1,0,1
58110.0,1,3,0,2
58122.0,1,1,0,1
58200.0,1,10,0,5
58452.0,1,1,0,1
58469.0,1,2,0,2
58481.0,1,2,0,1
58481.0,1,3,2.0,2
58481.0,1,2,0,2
58482.0,1,4,2.0,2
58495.0,1,1,0,1
58495.0,1,2,0,2
58505.0,1,1,0,0
58505.0,1,1,0,0
58505.0,1,1,0,0
58581.0,1,3,0,0
58620.0,1,1,0,1
58629.0,1,1,0,0
58629.0,1,1,0,1
58640.0,1,1,0,0
58640.0,1,1,0,1
58641.0,1,2,1.0,1
58641.0,1,5,2.0,4
58641.0,1,3,2.0,2
58641.0,1,4,4.0,2
58641.0,1,3,1.0,3
58641.0,1,7,2.0,3
58672.0,1,1,0,0
58672.0,1,3,2.0,2
58672.0,1,1,0,0
58672.0,1,2,0,2
58672.0,1,4,0,2
58672.0,1,1,0,0
58672.0,1,1,0,0
58672.0,1,1,0,0
58672.0,1,1,0,1
58672.0,1,1,0,0
58672.0,1,1,0,0
58672.0,1,3,0,2
58673.0,1,3,0,2
58674.0,1,1,0,1
58674.0,1,3,0,3
58674.0,1,3,0,3
58674.0,1,24,4.0,7
58677.0,1,3,0,1
58682.0,1,1,0,0
58682.0,1,1,0,0
58712.0,1,2,0,1
58721.0,1,1,0,1
58728.0,1,3,0,3
58728.0,1,1,0,1
58728.0,1,1,0,1
58728.0,1,1,0,1
58728.0,1,1,0,0
58728.0,1,3,1.0,2
58729.0,1,6,0,5
59059.0,1,1,0,1
59072.0,1,3,0,1
59109.0,1,1,0,1
59110.0,1,1,0,0
59110.0,1,2,0,2
59110.0,1,1,0,1
59257.0,1,2,0,1
59263.0,1,1,0,1
59275.0,1,2,0,1
59275.0,1,9,3.0,5
59279.0,1,1,0,0
59279.0,1,1,0,1
59290.0,1,1,0,0
59290.0,1,1,0,1
59299.0,1,5,2.0,4
59335.0,1,4,2.0,2
59367.0,1,2,0,1
59440.0,1,6,3.0,4
59440.0,1,1,0,1
59440.0,1,1,0,0
59440.0,1,3,2.0,2
59440.0,1,1,0,1
59440.0,1,4,1.0,3
59440.0,1,2,0,1
59440.0,1,9,2.0,4
59440.0,1,3,0,1
59440.0,1,4,2.0,3
59440.0,1,8,2.0,5
59440.0,1,1,0,1
59440.0,1,3,2.0,2
59440.0,1,8,2.0,3
59440.0,1,1,0,1
59440.0,1,3,1.0,2
59440.0,1,6,2.0,3
59440.0,1,7,2.0,4
59440.0,1,1,0,0
59440.0,1,1,0,1
59453.0,1,1,0,0
59453.0,1,1,0,1
59453.0,1,1,0,1
59453.0,1,3,1.0,2
59494.0,1,1,0,0
59494.0,1,1,0,1
59624.0,1,1,0,0
59624.0,1,1,0,1
59647.0,1,2,0,0
59675.0,1,1,0,1
59711.0,1,2,0,0
59723.0,1,1,0,1
59723.0,1,1,0,1
59740.0,1,8,0,3
60103.0,1,1,0,1
60103.0,1,3,3.0,1
60103.0,1,1,0,1
60115.0,1,3,0,2
60132.0,1,2,0,2
60134.0,1,5,0,2
60205.0,1,5,0,2
60205.0,1,2,0,2
60205.0,1,2,0,2
60205.0,1,1,0,1
60205.0,1,1,0,1
60205.0,1,1,0,1
60205.0,1,5,2.0,2
60205.0,1,1,0,1
60205.0,1,1,0,1
60240.0,1,2,0,2
60257.0,1,7,8.0,4
60257.0,1,4,2.0,2
60257.0,1,2,0,1
60346.0,1,1,0,0
60346.0,1,1,0,0
60346.0,1,1,0,0
60370.0,1,1,0,0
60370.0,1,1,0,1
60370.0,1,1,0,1
60370.0,1,3,3.0,3
60370.0,1,1,0,1
60370.0,1,4,1.0,3
60425.0,1,4,0,3
60473.0,1,1,0,0
60509.0,1,1,0,0
60509.0,1,2,0,2
60509.0,1,2,0,2
60509.0,1,2,0,2
60509.0,1,4,0,2
60509.0,1,1,0,1
60535.0,1,2,1.0,2
60535.0,1,1,0,0
60539.0,1,1,0,0
60539.0,1,1,0,0
60539.0,1,1,0,1
60539.0,1,1,0,0
60543.0,1,2,0,0
60656.0,1,1,0,1
60762.0,1,2,0,0
60793.0,1,2,0,2
60808.0,1,5,1.0,5
60824.0,1,2,0,2
60824.0,1,1,0,1
60824.0,1,1,0,1
60824.0,1,1,0,1
60824.0,1,1,0,1
60831.0,1,8,3.0,4
60852.0,1,2,0,2
60855.0,1,7,1.0,5
61090.0,1,1,0,1
61098.0,1,1,0,0
61098.0,1,2,0,2
61124.0,1,1,0,0
61124.0,1,1,0,1
61140.0,1,1,0,1
61140.0,1,1,0,1
61140.0,1,1,0,1
61140.0,1,1,0,1
61140.0,1,1,0,1
61140.0,1,1,0,1
61140.0,1,1,1.0,1
61140.0,1,1,0,1
61145.0,1,3,2.0,3
61174.0,1,1,0,1
61184.0,1,8,0,5
61492.0,1,1,0,1
61560.0,1,7,0,6
61723.0,1,1,0,0
61723.0,1,1,0,1
61723.0,1,1,0,0
61775.0,1,3,0,2
61913.0,1,1,0,0
61921.0,1,3,0,1
62019.0,1,2,0,1
62019.0,1,2,0,2
62019.0,1,1,0,1
62019.0,1,1,0,1
62019.0,1,3,0,3
62019.0,1,2,0,2
62019.0,1,2,2.0,2
62019.0,1,2,0,2
62019.0,1,4,2.0,2
62019.0,1,1,0,1
62102.0,1,3,0,1
62169.0,1,2,0,2
62187.0,1,5,0,2
62292.0,1,1,0,1
62313.0,1,7,0,5
62381.0,1,1,0,1
62381.0,1,1,0,1
62381.0,1,1,0,1
62381.0,1,1,0,1
62381.0,1,2,0,2
62381.0,1,1,0,1
62382.0,1,2,0,0
62423.0,1,2,0,2
62423.0,1,2,0,2
62423.0,1,1,0,1
62427.0,1,3,1.0,2
62427.0,1,1,0,1
62439.0,1,7,0,4
62809.0,1,1,0,1
62812.0,1,1,0,0
62812.0,1,1,0,1
62859.0,1,7,0,4
63204.0,1,3,1.0,3
63204.0,1,1,0,1
63204.0,1,31,3.0,7
63204.0,1,2,0,2
63225.0,1,2,1.0,2
63225.0,1,1,0,1
63225.0,1,1,0,1
63225.0,1,15,0,3
63281.0,1,3,0,2
63326.0,1,1,0,1
63422.0,1,3,0,2
63551.0,1,1,0,0
63663.0,1,1,0,0
63663.0,1,1,0,1
63663.0,1,2,1.0,2
63663.0,1,1,0,0
63902.0,1,3,0,2
63902.0,1,1,0,1
63902.0,1,2,0,2
63916.0,1,1,0,0
63916.0,1,1,0,1
63916.0,1,2,0,2
63916.0,1,1,0,0
63943.0,1,7,0,5
64273.0,1,1,0,1
64273.0,1,1,0,0
64273.0,1,2,2.0,2
64273.0,1,1,0,0
64273.0,1,1,0,1
64273.0,1,1,0,1
64273.0,1,1,0,1
64273.0,1,1,0,1
64325.0,1,5,2.0,4
64325.0,1,1,0,1
64403.0,1,1,0,1
64403.0,1,1,0,1
64407.0,1,1,0,1
64407.0,1,1,0,1
64407.0,1,1,0,0
64407.0,1,1,0,1
64414.0,1,2,2.0,2
64414.0,1,1,0,0
64475.0,1,1,0,1
64475.0,1,2,0,2
64494.0,1,4,0,4
64652.0,1,1,0,1
64702.0,1,1,0,0
64702.0,1,2,0,2
64734.0,1,2,0,1
64742.0,1,4,0,4
64742.0,1,2,0,2
64742.0,1,2,0,1
64742.0,1,1,0,1
64742.0,1,1,0,0
64742.0,1,1,0,0
64742.0,1,4,0,4
64742.0,1,2,2.0,2
64756.0,1,4,0,2
64816.0,1,5,2.0,4
64816.0,1,1,0,1
64878.0,1,2,0,2
64947.0,1,2,0,2
64947.0,1,1,0,1
64947.0,1,1,0,1
64947.0,1,1,0,1
64947.0,1,1,0,1
64948.0,1,2,0,2
64994.0,1,1,0,0
65080.0,1,3,0,3
65130.0,1,1,0,1
65144.0,1,4,1.0,4
65186.0,1,1,0,0
65190.0,1,1,0,0
65190.0,1,1,0,1
65190.0,1,2,0,1
65210.0,1,2,0,0
65273.0,1,7,1.0,7
65273.0,1,5,1.0,4
65273.0,1,1,0,1
65273.0,1,1,0,1
65284.0,1,3,0,2
65387.0,1,1,0,1
65427.0,1,1,0,1
65427.0,1,1,0,1
65479.0,1,1,0,0
65479.0,1,1,0,0
65479.0,1,1,0,1
65479.0,1,1,0,0
65479.0,1,1,0,0
65479.0,1,1,0,0
65479.0,1,1,0,0
65479.0,1,1,0,1
65479.0,1,2,1.0,2
65479.0,1,2,1.0,2
65479.0,1,1,0,1
65479.0,1,1,0,1
65567.0,1,3,0,2
65573.0,1,1,0,1
65573.0,1,2,0,1
65708.0,1,1,0,0
65708.0,1,2,0,2
65708.0,1,1,0,0
65882.0,1,2,0,2
65882.0,1,2,0,1
65882.0,1,5,0,5
65886.0,1,1,0,0
65886.0,1,2,0,2
65909.0,1,1,0,0
65909.0,1,3,0,2
65909.0,1,3,1.0,2
65909.0,1,1,0,0
65927.0,1,1,0,0
65927.0,1,1,0,0
65927.0,1,2,0,2
65927.0,1,1,0,1
65940.0,1,2,1.0,1
65941.0,1,1,1.0,1
65941.0,1,1,1.0,1
65941.0,1,1,0,1
65953.0,1,2,0,1
66165.0,1,2,0,1
66168.0,1,2,0,2
66237.0,1,1,0,1
66237.0,1,1,0,1
66237.0,1,1,0,0
66237.0,1,1,0,0
66242.0,1,1,0,0
66242.0,1,1,0,1
66242.0,1,1,0,0
66242.0,1,1,0,0
66242.0,1,1,0,0
66242.0,1,1,0,0
66242.0,1,1,0,0
66242.0,1,1,0,0
66242.0,1,1,0,0
66242.0,1,1,0,0
66242.0,1,1,0,1
66242.0,1,1,1.0,1
66256.0,1,6,0,5
66348.0,1,1,0,0
66362.0,1,6,2.0,4
66451.0,1,1,0,1
66611.0,1,1,0,0
66611.0,1,1,0,1
66611.0,1,5,1.0,3
66611.0,1,4,3.0,2
66611.0,1,1,0,0
66780.0,1,1,0,1
66780.0,1,1,0,0
66791.0,1,2,0,1
66815.0,1,6,3.0,3
66815.0,1,1,0,1
66815.0,1,1,0,0
66815.0,1,2,0,2
66951.0,1,6,1.0,3
67035.0,1,1,0,0
67035.0,1,1,0,0
67035.0,1,1,0,1
67035.0,1,1,0,1
67035.0,1,1,0,1
67035.0,1,1,0,1
67035.0,1,2,1.0,2
67035.0,1,1,0,0
67035.0,1,1,0,0
67044.0,1,1,0,0
67044.0,1,1,0,1
67057.0,1,4,0,2
67208.0,1,1,0,1
67213.0,1,1,0,0
67213.0,1,1,0,1
67213.0,1,1,0,1
67213.0,1,3,0,3
67213.0,1,1,0,1
67213.0,1,1,0,1
67213.0,1,1,0,0
67213.0,1,1,0,1
67213.0,1,1,0,0
67213.0,1,1,0,1
67213.0,1,2,2.0,2
67213.0,1,1,0,1
67213.0,1,1,0,0
67213.0,1,2,0,0
67213.0,1,1,0,1
67213.0,1,6,3.0,3
67213.0,1,1,0,1
67213.0,1,1,0,0
67344.0,1,2,0,0
67370.0,1,2,0,2
67401.0,1,2,0,2
67445.0,1,1,0,0
67472.0,1,1,0,0
67472.0,1,2,0,2
67498.0,1,5,0,1
67578.0,1,1,0,1
67603.0,1,6,1.0,6
67746.0,1,2,0,2
67790.0,1,4,2.0,2
67790.0,1,1,0,0
67790.0,1,1,0,0
67793.0,1,1,0,0
67793.0,1,2,0,1
67912.0,1,5,3.0,4
67938.0,1,1,0,1
67992.0,1,2,0,1
68020.0,1,1,0,0
68020.0,1,4,0,3
68020.0,1,2,1.0,2
68020.0,1,1,0,1
68020.0,1,1,0,0
68020.0,1,1,0,0
68020.0,1,1,0,1
68020.0,1,1,0,0
68020.0,1,1,0,0
68020.0,1,1,0,0
68020.0,1,3,1.0,2
68020.0,1,1,0,0
68020.0,1,1,0,1
68020.0,1,9,3.0,3
68020.0,1,4,1.0,2
68020.0,1,1,0,0
68020.0,1,1,0,0
68020.0,1,1,0,1
68020.0,1,1,0,0
68035.0,1,2,0,1
68045.0,1,5,1.0,5
68171.0,1,2,0,0
68315.0,1,2,0,2
68315.0,1,3,0,2
68327.0,1,3,1.0,2
68331.0,1,1,0,1
68331.0,1,1,0,0
68331.0,1,1,0,1
68331.0,1,1,0,1
68331.0,1,1,0,0
68331.0,1,1,0,1
68406.0,1,1,0,0
68406.0,1,1,0,1
68406.0,1,1,0,1
68406.0,1,1,0,1
68406.0,1,3,0,2
68406.0,1,1,0,1
68406.0,1,1,0,1
68406.0,1,1,0,1
68406.0,1,1,0,1
68406.0,1,2,0,2
68415.0,1,9,0,6
68521.0,1,1,0,0
68581.0,1,5,0,0
68709.0,1,2,0,1
68717.0,1,1,0,0
68717.0,1,1,0,0
68731.0,1,1,0,0
68731.0,1,3,0,1
68731.0,1,1,0,1
68771.0,1,1,0,1
68771.0,1,1,0,1
68771.0,1,1,0,1
68771.0,1,1,0,0
68771.0,1,1,0,1
68879.0,1,1,0,0
68879.0,1,1,0,0
68880.0,1,3,0,3
68982.0,1,1,0,1
69538.0,1,1,0,0
69538.0,1,1,0,1
69556.0,1,1,0,0
69556.0,1,2,1.0,2
69556.0,1,1,1.0,1
69556.0,1,1,0,0
69564.0,1,2,0,0
69767.0,1,1,0,1
69767.0,1,1,0,0
69976.0,1,1,0,0
69976.0,1,2,0,2
69976.0,1,1,0,1
69976.0,1,1,0,0
69976.0,1,1,0,1
69976.0,1,1,0,0
69988.0,1,2,0,1
70024.0,1,1,0,0
70024.0,1,6,4.0,4
70024.0,1,1,0,1
70035.0,1,12,1.0,6
70117.0,1,1,0,1
70117.0,1,5,4.0,2
70300.0,1,3,0,3
70300.0,1,1,0,0
70300.0,1,1,0,0
70300.0,1,1,0,1
70300.0,1,1,0,0
70421.0,1,2,0,1
70534.0,1,2,1.0,1
71050.0,1,6,2.0,3
71878.0,1,1,0,1
71976.0,1,5,1.0,4
71976.0,1,3,1.0,2
71976.0,1,1,0,1
71976.0,1,4,1.0,4
71976.0,1,1,0,1
71976.0,1,1,0,0
71978.0,1,4,1.0,3
71978.0,1,1,0,1
71978.0,1,1,0,0
72197.0,1,1,0,0
72197.0,1,1,0,0
72199.0,1,2,0,1
72223.0,1,1,0,1
72223.0,1,2,1.0,2
72223.0,1,3,2.0,3
72223.0,1,2,1.0,2
72223.0,1,2,1.0,2
72223.0,1,1,0,1
72223.0,1,4,1.0,2
72223.0,1,1,0,1
72223.0,1,1,0,1
72223.0,1,1,0,1
72223.0,1,1,0,1
72223.0,1,4,1.0,3
72223.0,1,3,1.0,2
72223.0,1,1,0,0
72223.0,1,1,0,1
72223.0,1,2,0,2
72223.0,1,6,3.0,5
72223.0,1,8,2.0,5
72223.0,1,5,2.0,4
72223.0,1,2,0,1
72223.0,1,6,0,4
72223.0,1,1,0,1
72223.0,1,2,2.0,2
72223.0,1,1,0,0
72223.0,1,3,2.0,2
72223.0,1,2,1.0,2
72223.0,1,1,2.0,1
72223.0,1,1,0,0
72294.0,1,5,0,1
75560.0,1,1,0,1
75560.0,1,1,0,1
75560.0,1,1,0,1
75560.0,1,1,0,1
75560.0,1,6,0,2
75560.0,1,7,1.0,2
77922.0,1,2,0,0
78159.0,1,1,0,1
78159.0,1,1,0,1
78159.0,1,2,0,2
78159.0,1,3,0,3
78159.0,1,1,0,1
78159.0,1,1,1.0,1
78159.0,1,1,0,1
78159.0,1,1,1.0,1
78159.0,1,1,0,0
78159.0,1,2,0,2
78159.0,1,2,1.0,2
78159.0,1,2,1.0,2
78159.0,1,1,1.0,1
78159.0,1,3,2.0,2
78159.0,1,3,1.0,3
78159.0,1,2,1.0,2
78159.0,1,5,1.0,3
78159.0,1,2,1.0,2
78159.0,1,1,0,0
78159.0,1,1,0,1
78159.0,1,1,0,0
78159.0,1,1,0,0
78159.0,1,1,0,0
78159.0,1,5,1.0,3
78159.0,1,1,1.0,1
78159.0,1,1,0,1
78159.0,1,1,0,1
78231.0,1,1,0,1
78238.0,1,2,0,1
78243.0,1,1,0,0
78403.0,1,1,0,0
78403.0,1,1,0,1
78405.0,1,2,0,0
78412.0,1,1,0,1
78423.0,1,4,0,3
78450.0,1,2,0,2
78463.0,1,1,1.0,1
78463.0,1,2,3.0,1
78463.0,1,1,0,0
78463.0,1,2,0,2
78578.0,1,10,4.0,3
78721.0,1,2,0,2
78764.0,1,6,0,2
79087.0,1,1,1.0,1
79087.0,1,1,0,1
79100.0,1,1,0,0
79100.0,1,1,0,1
79105.0,1,3,0,2
79217.0,1,3,2.0,3
79217.0,1,1,0,1
79217.0,1,1,0,0
79242.0,1,3,1.0,2
79468.0,1,1,0,0
79468.0,1,1,0,0
79478.0,1,3,0,3
79478.0,1,1,0,1
79485.0,1,5,2.0,4
79720.0,1,2,0,2
79773.0,1,3,0,2
80019.0,1,2,0,2
80317.0,1,1,0,1
80317.0,1,56,0,5
80544.0,1,1,0,1
80544.0,1,1,0,1
80544.0,1,1,0,1
80544.0,1,1,0,1
80544.0,1,2,1.0,2
80544.0,1,1,2.0,1
80544.0,1,4,2.0,3
80544.0,1,3,0,3
80568.0,1,2,0,1
80573.0,1,1,0,0
80576.0,1,1,0,0
80576.0,1,1,0,1
80576.0,1,1,0,1
80606.0,1,1,0,0
80606.0,1,1,0,0
80606.0,1,1,0,0
80606.0,1,1,0,1
80606.0,1,1,0,0
80606.0,1,1,0,0
80606.0,1,1,0,0
80606.0,1,1,0,1
80606.0,1,4,0,3
80606.0,1,6,1.0,6
80606.0,1,1,0,0
80606.0,1,1,0,1
80606.0,1,2,0,2
80606.0,1,5,1.0,2
80606.0,1,1,0,1
80606.0,1,1,0,0
80606.0,1,1,0,1
80606.0,1,1,0,1
80606.0,1,1,0,0
80606.0,1,6,2.0,2
80606.0,1,10,2.0,2
80606.0,1,1,0,1
80606.0,1,3,0,1
80606.0,1,1,0,1
80606.0,1,3,2.0,1
80606.0,1,1,0,1
80606.0,1,1,0,1
80606.0,1,2,1.0,2
80606.0,1,1,0,1
80606.0,1,9,2.0,4
80606.0,1,3,0,3
80606.0,1,1,0,1
80606.0,1,2,0,2
80635.0,1,2,0,0
80803.0,1,1,1.0,1
80803.0,1,1,0,0
80803.0,1,2,0,2
80803.0,1,1,2.0,1
80803.0,1,1,0,0
80803.0,1,1,0,0
80803.0,1,1,0,1
80886.0,1,1,0,1
80886.0,1,4,1.0,3
80886.0,1,1,0,1
80886.0,1,4,1.0,2
80886.0,1,1,0,0
80886.0,1,1,0,0
80886.0,1,2,0,2
80907.0,1,1,0,0
80907.0,1,2,3.0,2
80907.0,1,1,0,1
80907.0,1,6,3.0,4
80927.0,1,2,0,0
80937.0,1,2,1.0,2
81034.0,1,2,0,2
81034.0,1,4,1.0,3
81034.0,1,1,0,1
81034.0,1,1,0,1
81034.0,1,1,0,1
81034.0,1,2,1.0,2
81034.0,1,1,0,0
81428.0,1,2,0,1
81528.0,1,2,0,2
81528.0,1,1,0,1
81528.0,1,1,0,0
81566.0,1,14,1.0,10
83202.0,1,1,0,1
83202.0,1,1,0,0
83204.0,1,1,0,1
83204.0,1,1,0,0
83205.0,1,4,0,2
83205.0,1,1,0,1
83205.0,1,1,0,0
83205.0,1,1,0,1
83205.0,1,1,0,0
83205.0,1,1,1.0,1
83205.0,1,1,0,1
83205.0,1,1,0,1
83205.0,1,1,0,0
83205.0,1,1,0,1
83205.0,1,1,0,1
83205.0,1,4,0,3
83363.0,1,3,2.0,2
83364.0,1,1,0,1
83364.0,1,2,0,2
83365.0,1,2,0,1
83398.0,1,1,0,1
83451.0,1,2,0,2
83594.0,1,2,0,1
83646.0,1,1,0,0
83646.0,1,3,1.0,3
83820.0,1,3,0,2
83893.0,1,1,1.0,1
83893.0,1,1,0,1
84139.0,1,3,0,3
84270.0,1,1,0,0
84270.0,1,1,0,0
84270.0,1,1,0,0
84339.0,1,3,0,2
84466.0,1,1,0,1
84466.0,1,1,0,1
84490.0,1,2,0,1
84517.0,1,1,0,1
84517.0,1,1,0,0
84530.0,1,2,0,0
84536.0,1,1,0,1
85881.0,1,1,0,1
85881.0,1,1,0,1
85933.0,1,1,0,1
85933.0,1,1,0,1
85973.0,1,1,0,0
85973.0,1,1,0,1
85973.0,1,1,0,1
85986.0,1,8,3.0,5
86232.0,1,4,2.0,4
86232.0,1,1,0,1
86232.0,1,3,1.0,3
86232.0,1,1,0,1
86296.0,1,2,0,0
86315.0,1,4,4.0,3
86315.0,1,3,0,2
86315.0,1,2,0,2
86317.0,1,12,1.0,2
86317.0,1,1,0,1
86395.0,1,2,0,2
86776.0,1,1,0,1
86776.0,1,2,2.0,2
86776.0,1,4,1.0,3
86786.0,1,1,0,0
86786.0,1,1,0,1
86786.0,1,1,0,1
86786.0,1,3,0,3
86786.0,1,1,0,1
86786.0,1,1,0,0
86786.0,1,3,2.0,2
86786.0,1,5,2.0,2
86786.0,1,2,1.0,2
86786.0,1,2,0,1
86786.0,1,6,2.0,3
86786.0,1,3,2.0,2
86786.0,1,2,2.0,2
86786.0,1,1,1.0,1
86786.0,1,1,0,1
86810.0,1,2,0,2
86815.0,1,1,0,1
86831.0,1,4,0,1
87179.0,1,1,0,0
87234.0,1,1,0,1
87234.0,1,1,0,1
87368.0,1,2,0,0
87387.0,1,4,0,4
87387.0,1,1,0,0
87387.0,1,1,0,0
87387.0,1,1,0,1
87387.0,1,1,1.0,1
87387.0,1,1,0,1
87387.0,1,1,0,0
87387.0,1,1,0,1
87387.0,1,1,0,1
87387.0,1,1,0,1
87387.0,1,2,0,2
87422.0,1,18,6.0,9
88307.0,1,5,2.0,2
88317.0,1,1,0,0
88317.0,1,4,1.0,4
88340.0,1,1,0,0
88340.0,1,1,0,0
88340.0,1,1,0,0
88340.0,1,1,0,0
88342.0,1,2,0,1
88379.0,1,1,0,1
88379.0,1,1,0,0
88397.0,1,2,0,1
88421.0,1,4,3.0,3
88421.0,1,4,0,3
88421.0,1,6,3.0,3
88421.0,1,1,0,1
88482.0,1,4,1.0,3
88510.0,1,2,2.0,2
88510.0,1,8,10.0,4
88510.0,1,1,0,1
88510.0,1,1,0,1
88510.0,1,1,0,1
88511.0,1,2,0,1
88518.0,1,1,0,1
88522.0,1,3,0,2
88538.0,1,1,0,1
88543.0,1,2,0,1
88549.0,1,3,1.0,2
88560.0,1,3,0,2
88567.0,1,1,0,1
88567.0,1,1,0,1
88567.0,1,1,0,0
88567.0,1,2,0,2
88567.0,1,1,0,1
88567.0,1,1,0,1
88567.0,1,1,0,1
88567.0,1,2,1.0,2
88567.0,1,2,1.0,2
88567.0,1,1,0,1
88579.0,1,5,3.0,5
88625.0,1,2,0,2
88671.0,1,2,0,1
88684.0,1,7,2.0,4
88684.0,1,1,0,1
88684.0,1,1,0,0
88684.0,1,76,9.0,8
88684.0,1,5,2.0,3
88684.0,1,22,11.0,4
88692.0,1,9,0,4
88783.0,1,1,0,0
88830.0,1,4,0,2
89656.0,1,1,0,0
89673.0,1,6,2.0,3
89688.0,1,2,1.0,2
89688.0,1,5,3.0,4
89688.0,1,1,0,1
89770.0,1,9,2.0,6
89803.0,1,1,0,1
89803.0,1,2,1.0,2
89803.0,1,1,0,0
89803.0,1,1,0,1
89803.0,1,14,3.0,4
89810.0,1,1,0,0
89810.0,1,1,0,1
89831.0,1,1,0,0
89831.0,1,1,0,0
89839.0,1,10,2.0,7
89839.0,1,1,0,1
89902.0,1,3,0,0
91691.0,1,1,0,1
91691.0,1,1,0,1
91709.0,1,1,0,0
91709.0,1,1,0,0
91709.0,1,1,0,0
91709.0,1,1,0,0
91775.0,1,2,0,1
91786.0,1,1,0,1
91812.0,1,8,2.0,3
91935.0,1,2,0,2
91935.0,1,5,1.0,4
91935.0,1,4,2.0,3
91977.0,1,3,0,3
92022.0,1,2,0,2
92022.0,1,5,1.0,3
92022.0,1,2,0,2
92031.0,1,12,0,4
92478.0,1,1,0,0
92478.0,1,1,0,1
92478.0,1,1,0,1
92484.0,1,11,0,6
92872.0,1,1,0,0
92885.0,1,8,2.0,4
92885.0,1,1,0,1
92926.0,1,5,0,2
93026.0,1,1,0,1
93047.0,1,6,0,4
93094.0,1,2,0,2
93724.0,1,1,0,0
93724.0,1,1,0,1
93729.0,1,6,0,3
93991.0,1,1,0,1
93991.0,1,1,0,0
93991.0,1,1,1.0,1
93991.0,1,1,0,1
93991.0,1,1,0,0
93991.0,1,1,0,0
93991.0,1,3,3.0,2
94016.0,1,2,0,0
94040.0,1,1,0,1
94040.0,1,2,0,2
94053.0,1,13,2.0,9
94641.0,1,1,0,1
94647.0,1,1,0,0
94647.0,1,1,0,1
94670.0,1,19,1.0,10
95244.0,1,1,0,0
95247.0,1,3,0,0
95281.0,1,1,0,1
95281.0,1,1,0,1
95292.0,1,6,0,2
95376.0,1,1,0,1
95578.0,1,3,0,2
95667.0,1,1,0,1
95667.0,1,1,0,1
95737.0,1,2,0,1
95765.0,1,1,0,1
95816.0,1,1,0,0
95816.0,1,1,0,0
95833.0,1,1,0,0
95833.0,1,1,0,1
95841.0,1,9,2.0,5
96312.0,1,1,0,1
96326.0,1,10,2.0,5
96351.0,1,1,0,0
96351.0,1,1,0,1
96424.0,1,1,0,0
96424.0,1,1,2.0,1
96424.0,1,2,2.0,1
96424.0,1,4,2.0,3
96424.0,1,2,0,2
96726.0,1,2,0,1
96806.0,1,11,4.0,5
96806.0,1,1,0,1
96806.0,1,2,0,2
96806.0,1,9,3.0,5
96806.0,1,1,0,1
96806.0,1,2,0,2
96806.0,1,1,0,1
96806.0,1,2,0,2
96812.0,1,1,0,0
96812.0,1,1,0,1
96813.0,1,5,0,0
96834.0,1,1,0,0
96849.0,1,2,0,1
96863.0,1,1,0,1
96872.0,1,1,0,0
96872.0,1,1,0,1
96872.0,1,2,2.0,1
96872.0,1,1,0,0
96872.0,1,10,0,9
96872.0,1,3,1.0,2
96872.0,1,2,0,2
96872.0,1,1,0,1
96872.0,1,12,3.0,5
96872.0,1,3,0,3
96872.0,1,4,2.0,2
96872.0,1,7,1.0,3
96872.0,1,1,0,1
96872.0,1,5,2.0,4
96872.0,1,11,1.0,5
96876.0,1,1,0,0
96876.0,1,1,0,0
96903.0,1,2,0,0
96944.0,1,1,0,1
96946.0,1,1,0,0
96946.0,1,1,0,1
96974.0,1,4,3.0,1
96974.0,1,1,0,1
96978.0,1,1,0,1
96978.0,1,1,0,1
96979.0,1,2,0,1
96980.0,1,1,0,1
96981.0,1,2,0,1
96985.0,1,2,1.0,2
96985.0,1,2,0,1
96991.0,1,1,0,0
96991.0,1,7,1.0,6
96992.0,1,6,0,1
97001.0,1,1,0,0
97002.0,1,5,0,0
97012.0,1,1,0,1
97016.0,1,1,0,0
97016.0,1,2,0,2
97016.0,1,1,0,1
97016.0,1,1,0,1
97073.0,1,1,0,1
97073.0,1,1,0,0
97113.0,1,7,4.0,4
97113.0,1,1,0,0
97118.0,1,1,1.0,1
97118.0,1,1,0,0
97156.0,1,5,0,4
97207.0,1,1,0,0
97226.0,1,2,0,1
97871.0,1,1,0,0
97987.0,1,4,0,4
98415.0,1,1,0,0
98415.0,1,1,0,1
98415.0,1,3,0,2
98415.0,1,7,1.0,3
98463.0,1,2,0,2
98542.0,1,2,0,2
98571.0,1,1,0,1
98571.0,1,8,2.0,7
98571.0,1,5,1.0,3
98571.0,1,5,1.0,3
98571.0,1,7,3.0,7
98571.0,1,4,2.0,4
98571.0,1,2,1.0,1
98571.0,1,1,0,1
98571.0,1,1,0,1
98571.0,1,1,0,1
98571.0,1,1,0,1
98572.0,1,3,0,1
98575.0,1,1,0,1
98633.0,1,1,0,0
98633.0,1,1,0,1
99257.0,1,1,0,1
99257.0,1,9,1.0,3
99273.0,1,4,0,3
99273.0,1,1,0,1
99277.0,1,5,1.0,4
99296.0,1,1,0,1
99296.0,1,1,0,1
99296.0,1,1,0,1
99323.0,1,3,0,1
99366.0,1,1,0,1
99717.0,1,5,1.0,2
99745.0,1,1,0,1
99766.0,1,7,0,1
100090.0,1,1,0,1
100090.0,1,2,2.0,2
100090.0,1,1,0,0
100127.0,1,4,0,2
100478.0,1,2,2.0,2
100478.0,1,3,1.0,2
100493.0,1,1,0,0
100493.0,1,1,0,0
100518.0,1,1,0,0
100518.0,1,3,0,3
100558.0,1,1,0,0
100558.0,1,1,0,1
100558.0,1,1,0,1
100558.0,1,1,0,0
100558.0,1,1,0,1
100558.0,1,1,0,1
100560.0,1,5,0,4
100655.0,1,1,0,0
100655.0,1,1,0,0
100655.0,1,1,0,0
100655.0,1,1,0,0
100656.0,1,2,0,0
100664.0,1,2,0,2
100664.0,1,1,0,1
100664.0,1,1,0,1
101068.0,1,3,0,3
101077.0,1,1,0,0
101100.0,1,6,0,3
101183.0,1,2,1.0,2
101183.0,1,1,0,0
101208.0,1,5,0,4
101283.0,1,3,1.0,2
101283.0,1,3,2.0,3
101287.0,1,2,0,1
101329.0,1,3,0,1
101335.0,1,2,0,1
101335.0,1,2,0,2
101335.0,1,1,0,1
101335.0,1,2,0,2
101335.0,1,1,0,1
101347.0,1,3,0,1
101368.0,1,2,0,2
101368.0,1,1,0,1
101793.0,1,3,0,1
101887.0,1,2,0,2
101887.0,1,3,2.0,2
101887.0,1,1,0,1
101887.0,1,4,5.0,2
101887.0,1,1,0,1
101887.0,1,13,8.0,4
101887.0,1,3,1.0,2
101887.0,1,12,7.0,2
101887.0,1,9,10.0,3
101887.0,1,7,6.0,2
101887.0,1,3,0,1
101887.0,1,1,0,1
101887.0,1,28,9.0,7
101909.0,1,1,0,0
101909.0,1,1,0,1
102200.0,1,4,2.0,2
102200.0,1,1,0,0
102214.0,1,1,0,0
102214.0,1,5,0,3
102214.0,1,2,0,2
102279.0,1,2,0,0
102288.0,1,1,0,1
102328.0,1,1,0,0
102328.0,1,1,0,1
102649.0,1,5,0,4
102652.0,1,2,1.0,2
102652.0,1,1,0,1
102652.0,1,1,1.0,1
102652.0,1,1,0,0
102652.0,1,1,0,0
102669.0,1,3,0,0
102783.0,1,1,0,1
102783.0,1,1,0,1
102783.0,1,1,0,0
102783.0,1,1,0,1
102783.0,1,1,0,0
102783.0,1,1,0,0
102795.0,1,2,0,2
102795.0,1,1,0,0
102795.0,1,5,0,1
102795.0,1,1,1.0,1
102795.0,1,1,0,1
102795.0,1,1,0,1
102795.0,1,1,0,1
102795.0,1,3,1.0,2
102795.0,1,8,1.0,3
102795.0,1,1,0,1
102795.0,1,1,1.0,1
102795.0,1,1,0,0
102795.0,1,2,1.0,1
102795.0,1,1,1.0,1
102795.0,1,6,4.0,2
102795.0,1,6,4.0,4
102795.0,1,1,0,1
102795.0,1,1,0,0
102795.0,1,1,0,1
102795.0,1,1,0,0
102852.0,1,3,0,3
103416.0,1,2,0,2
103506.0,1,21,5.0,8
103506.0,1,3,3.0,2
103506.0,1,1,0,1
103506.0,1,1,0,1
103506.0,1,1,0,1
103684.0,1,1,0,0
103684.0,1,1,0,1
103821.0,1,1,0,1
103821.0,1,1,0,1
103821.0,1,3,0,3
103821.0,1,2,0,1
103821.0,1,1,0,0
103821.0,1,1,0,1
103821.0,1,3,2.0,2
103821.0,1,1,0,1
103895.0,1,1,0,0
103895.0,1,1,0,1
103930.0,1,2,0,2
103930.0,1,1,0,1
103930.0,1,2,1.0,2
103930.0,1,2,1.0,1
103930.0,1,1,0,1
104243.0,1,5,2.0,5
104243.0,1,1,3.0,1
104243.0,1,6,5.0,3
104243.0,1,3,3.0,2
104243.0,1,1,0,0
104257.0,1,4,1.0,4
104276.0,1,2,1.0,2
104276.0,1,16,1.0,5
104276.0,1,1,0,0
104281.0,1,1,0,0
104281.0,1,3,1.0,2
104302.0,1,3,0,2
104377.0,1,3,2.0,2
104399.0,1,11,0,8
104611.0,1,4,1.0,3
104611.0,1,1,0,0
104611.0,1,1,0,1
105014.0,1,4,0,3
105074.0,1,1,0,1
105074.0,1,2,0,2
105114.0,1,4,0,2
105139.0,1,1,0,1
105197.0,1,1,0,1
105197.0,1,1,0,1
105245.0,1,2,2.0,2
105245.0,1,1,0,1
105479.0,1,1,0,1
105479.0,1,1,0,1
105479.0,1,1,0,0
105590.0,1,15,0,0
105651.0,1,1,0,1
105676.0,1,2,0,0
105784.0,1,4,2.0,3
105951.0,1,4,0,2
106049.0,1,1,0,1
106054.0,1,1,0,0
106054.0,1,1,0,1
106054.0,1,1,0,1
106056.0,1,2,0,1
106072.0,1,1,0,1
106075.0,1,2,0,2
106324.0,1,1,0,1
106324.0,1,2,0,2
106535.0,1,2,0,0
107075.0,1,1,0,0
107075.0,1,1,0,0
107075.0,1,1,0,0
107078.0,1,4,0,3
107096.0,1,4,0,2
107096.0,1,1,1.0,1
107096.0,1,2,0,2
107107.0,1,9,0,5
